"site_id","parameter_desc","latitude","longitude","city_name","location","land_use_type","setting","site_name","stat","used_in_nat_agg","trend","state_name","city_name","location_setting","local_site_name","natts","toxic_name_alias","2003","2004","2005","2006","2007","2008","2009","2010","2011","2012","2013","2014","2015","2016","2017","2018","2019","2020"
"01-073-2003","Manganese Pm10 Lc","33.4997215270996","-86.9241638183594","BIRMINGHAM","","RESIDENTIAL","","Wylam","meanRos_ug_m3","No","Undetermined","Alabama","Birmingham","Suburban","Wylam","No","Manganese","","","","","","","","","","","","","","","","0.049724038851519","",""
"01-073-5502","Manganese Pm10 Lc","33.5447998046875","-86.8238983154297","BIRMINGHAM","","COMMERCIAL","","Lewis Elementary School","meanRos_ug_m3","No","Undetermined","Alabama","Birmingham","Urban And Center City","Lewis Elementary School","No","Manganese","","","","","","","","","","0.0341792106628418","","","","","","","",""
"01-073-5503","Manganese Pm10 Lc","33.5684013366699","-86.8029022216797","BIRMINGHAM","","COMMERCIAL","","Riggins School","meanRos_ug_m3","No","Undetermined","Alabama","Birmingham","Urban And Center City","Riggins School","No","Manganese","","","","","","","","","","0.0167547436345231","","","","","","","",""
"01-073-5505","Manganese Pm10 Lc","33.5566329956055","-86.8054656982422","Birmingham","","RESIDENTIAL","","Hudson K-8","meanRos_ug_m3","No","Undetermined","Alabama","Birmingham","Urban And Center City","Hudson K-8","No","Manganese","","","","","","","","","","0.0289086111006327","","","","","","","",""
"01-073-6004","Manganese Pm10 Lc","33.5652770996094","-86.79638671875","BIRMINGHAM","","RESIDENTIAL","","UATMP: SIAL; Sloss Industries","meanRos_ug_m3","No","Undetermined","Alabama","Birmingham","Urban And Center City","Sloss Shuttlesworth","No","Manganese","","","","","","","","","","0.022804053965956","","","","","","","",""
"04-013-4009","Manganese Pm10 Lc","33.406421661377","-112.144340515137","Phoenix","","INDUSTRIAL","","UATMP: MCAZ","meanRos_ug_m3","No","Undetermined","Arizona","Phoenix","Urban And Center City","WEST 43RD AVENUE","No","Manganese","","","","","","","","0.0239760714341953","","","","","","","","","",""
"06-033-3010","Manganese Pm10 Lc","38.774528503418","-122.699501037598","MIDDLETOWN","","FOREST","","ANDERSON SPRINGS","meanRos_ug_m3","Yes","Increasing","California","Middletown","Rural","ANDERSON SPRINGS","No","Manganese","0.00314709194745057","0.00383079246125019","0.0034010053206771","0.00391912086340328","0.00297414053646275","0.00417307616253336","0.00329601502398803","0.00338757568206356","0.00333973904791362","0.00339685236035304","0.00544372233984355","0.00500492950299914","0.00193171864594809","","0.00825389480349053","0.00753954272957085","0.00487666671009113","0.00858524602219523"
"06-033-3011","Manganese Pm10 Lc","38.848461151123","-122.757972717285","GLENBROOK","","FOREST","","GLENBROOK","meanRos_ug_m3","Yes","Increasing","California","Cobb","Rural","GLENBROOK","No","Manganese","0.00264085744148066","0.00293535082224547","0.00314751973363981","0.00409999943952986","0.00426696329742318","0.00448547585261656","0.00325120994161702","0.00278053862243899","0.00270089944777353","0.00357760995163811","0.00490848442157805","0.00445325711667894","0.00344548147001613","0.00379868715935931","0.00470098612804052","0.0043090194335299","0.00344771193167993","0.00558475484183371"
"12-057-1065","Manganese Pm10 Lc","27.8925228118896","-82.5384292602539","Tampa","","COMMERCIAL","","UATMP: GAFL; NADP: FL18; PILOT CITY: Gandy","meanRos_ug_m3","No","No Trend","Florida","Tampa","Suburban","USMC Reserve Center (Gandy)","No","Manganese","","0.00319122340493905","0.00294561140084018","0.00370873623383834","0.00362103863646892","0.00335149195514711","","","","","","","","","","","",""
"12-095-1004","Manganese Pm10 Lc","28.5511112213135","-81.345344543457","ORLANDO","","COMMERCIAL","","UATMP: PAFL","meanRos_ug_m3","No","No Trend","Florida","Orlando","Suburban","Primrose Ave","No","Manganese","0.00849645186969775","","","","","0.00252998897340149","0.00271710561355576","0.00304799374619809","0.00223978127037445","","","","0.00181427596641394","0.00292998186553935","","","",""
"12-095-2002","Manganese Pm10 Lc","28.5963897705078","-81.3625030517578","Winter Park","","COMMERCIAL","","UATMP: ORFL","meanRos_ug_m3","No","No Trend","Florida","Winter Park","Urban And Center City","WINTER PARK","No","Manganese","","","","","","","","","","0.00374766741047746","0.00249338887127427","0.0035978216813722","0.00181314104314273","0.00292998186553935","","","",""
"12-103-0018","Manganese Pm10 Lc","27.7858657836914","-82.739875793457","SAINT PETERSBURG","","RESIDENTIAL","","UATMP: AZFL; PILOT CITY: Azalea Park","meanRos_ug_m3","No","No Trend","Florida","Saint Petersburg","Suburban","Azalea Park","No","Manganese","","","0.00269323312192379","0.00305401926079757","0.00269985387014951","0.00289795768483481","0.00226315016704375","0.00319336836520185","0.00202028703456073","0.00254089192021638","0.00220516890363671","0.0027215996928813","0.00267463472081838","0.0024399160017206","","","",""
"16-001-0100","Manganese Pm10 Lc","43.6012992858887","-116.347297668457","Meridian","","COMMERCIAL","","","meanRos_ug_m3","No","Undetermined","Idaho","Not in a city","Suburban","","No","Manganese","","","","","0.0101770831121636","","","","","","","","","","","","",""
"16-001-0200","Manganese Pm10 Lc","43.5775985717773","-116.177696228027","Boise","","RESIDENTIAL","","White Pine Elementary School","meanRos_ug_m3","No","Undetermined","Idaho","Boise City (corporate name for Boise)","Urban And Center City","White Pine Elementary School","No","Manganese","","","","","0.00702467393906166","","","","","","","","","","","","",""
"16-001-0300","Manganese Pm10 Lc","43.6366691589355","-116.270217895508","Boise","","RESIDENTIAL","","Mt. View","meanRos_ug_m3","No","Undetermined","Idaho","Boise City (corporate name for Boise)","Urban And Center City","Mt. View","No","Manganese","","","","","0.00784182609947349","","","","","","","","","","","","",""
"16-027-0004","Manganese Pm10 Lc","43.5624008178711","-116.563232421875","Nampa","","RESIDENTIAL","","NORTHWEST NAZARENE COLLEGE SAMPLER ON ARTS BUILDING IN SUB. SETTING","meanRos_ug_m3","No","Undetermined","Idaho","Nampa","Suburban","NORTHWEST NAZARENE COLLEGE SAMPLER ON ARTS BUILDING IN SUB. SETTING","No","Manganese","","","","","0.00955881632697315","","","","","","","","","","","","",""
"16-027-0400","Manganese Pm10 Lc","43.7872009277344","-116.959602355957","Parma","","AGRICULTURAL","","Parma","meanRos_ug_m3","No","Undetermined","Idaho","Not in a city","Rural","Parma","No","Manganese","","","","","0.0116002184295212","","","","","","","","","","","","",""
"16-069-0006","Manganese Pm10 Lc","46.4295616149902","-116.99242401123","Lewiston","","INDUSTRIAL","","","meanRos_ug_m3","No","Undetermined","Idaho","Lewiston","Suburban","","No","Manganese","","","","0.0181653822170726","","","","","","","","","","","","","",""
"16-069-0009","Manganese Pm10 Lc","46.4177780151367","-117.018608093262","Lewiston","","COMMERCIAL","","","meanRos_ug_m3","No","Undetermined","Idaho","Lewiston","Urban And Center City","","No","Manganese","","","","0.0115694160136627","","","","","","","","","","","","","",""
"16-069-0012","Manganese Pm10 Lc","46.4083518981934","-116.992530822754","Lewiston","","RESIDENTIAL","","SUNSET PARK LOCATION, BETWEEN CITY CENTER AND POTLACH CORP.,","meanRos_ug_m3","No","Undetermined","Idaho","Lewiston","Suburban","Lewiston","No","Manganese","","","","0.0104782122006226","","","","","","","","","","","","","",""
"16-069-0013","Manganese Pm10 Lc","46.3972015380859","-116.806198120117","Lapwei","","RESIDENTIAL","","","meanRos_ug_m3","No","Undetermined","Idaho","Not in a city","Rural","","No","Manganese","","","","0.0113982318057301","","","","","","","","","","","","","",""
"16-069-0222","Manganese Pm10 Lc","46.4380874633789","-116.905181884766","NOT IN A CITY","","COMMERCIAL","","","meanRos_ug_m3","No","Undetermined","Idaho","Not in a city","Rural","","No","Manganese","","","","0.0117550638132365","","","","","","","","","","","","","",""
"17-031-XROW","Manganese Pm10 Lc","41.6866607666016","-87.5397262573242","CHICAGO","","INDUSTRIAL","","XAct Monitoring Site: Rowan","meanRos_ug_m3","No","Undetermined","","CHICAGO","","XAct Monitoring Site: Rowan","No","Manganese","","","","","","","","","","","","","0.110689775225376","","","","0.0376020329712562",""
"17-163-9010","Manganese Pm10 Lc","38.6120338439941","-90.1604766845703","NOT IN A CITY","","INDUSTRIAL","","ST. LOUIS - MIDWEST SUPERSITE","meanRos_ug_m3","No","Undetermined","Illinois","Not in a city","Suburban","ST. LOUIS - MIDWEST SUPERSITE","No","Manganese","","","","","","","","0.0150878572853149","","","","","","","","","",""
"17-201-XROC","Manganese Pm10 Lc","42.2571105957031","-89.0914077758789","Rockford","","","","XAct Monitoring Site: Rockford","meanRos_ug_m3","No","Undetermined","","Rockford","","XAct Monitoring Site: Rockford","No","Manganese","","","","","","","","","","","","0.0694714795387704","","","","","",""
"18-089-0022","Manganese Pm10 Lc","41.6066818237305","-87.3047256469727","Gary","","INDUSTRIAL","","UATMP: INDEM","meanRos_ug_m3","No","Undetermined","Indiana","Gary","Urban And Center City","Gary-IITRI/ 1219.5 meters east of Tennessee St.- old ammuntion bunker","No","Manganese","","","","","","0.0190969866435067","","","","","","","","","","","",""
"18-089-0023","Manganese Pm10 Lc","41.6527404785156","-87.4395523071289","East Chicago","","INDUSTRIAL","","East Chicago Water Flitration Plant","meanRos_ug_m3","No","No Trend","Indiana","East Chicago","Urban And Center City","SITE MOVED FROM EAST CHICAGO FIELD SCHOOL","No","Manganese","0.0416474297578066","0.0381897307119434","0.0448771161749831","0.055166779914713","","0.0607891499590055","","","","","","","","","","","",""
"18-097-0057","Manganese Pm10 Lc","39.7490196228027","-86.1863174438477","INDIANAPOLIS","","RESIDENTIAL","","UATMP: ININ","meanRos_ug_m3","No","Undetermined","Indiana","Indianapolis (Remainder)","Urban And Center City","Indpls- Harding St.","No","Manganese","","","","","0.00622705105633941","0.00528155568463262","","","","","","","","","","","",""
"18-097-0085","Manganese Pm10 Lc","39.7403831481934","-86.2259521484375","INDIANAPOLIS","","MILITARY RESERVATION","","UATMP: IDIN","meanRos_ug_m3","No","Undetermined","Indiana","Indianapolis (Remainder)","Urban And Center City","Stout Field 2","No","Manganese","","","","","0.00590792562579736","0.00519881373297216","","","","","","","","","","","",""
"21-019-0002","Manganese Pm10 Lc","38.4767608642578","-82.6313705444336","ASHLAND","","INDUSTRIAL","","UATMP: ASKY-M","meanRos_ug_m3","No","No Trend","Kentucky","Ashland","Urban And Center City","21ST & GREENUP","No","Manganese","","","","0.0299493778157436","0.036379029767306","0.0242842562638842","0.0164977333693907","0.027449196613937","0.0237317094928585","0.0320401546944465","0.02011361286665","0.018488279109726","0.0253328115425327","0.0201881105905737","0.0166799597944574","0.0237979535054285","0.0211696614717423","0.0240294854748292"
"21-067-0012","Manganese Pm10 Lc","38.0650291442871","-84.4976119995117","LEXINGTON-FAYETTE","","RESIDENTIAL","","UATMP: LEKY","meanRos_ug_m3","No","No Trend","Kentucky","Lexington-Fayette (corporate name for Lexington)","Suburban","LEXINGTON PRIMARY","No","Manganese","","","","","","","","","","0.00635229167222094","0.00565251571627088","0.00596924928582406","0.00637268497043156","0.00487227916489652","0.00557763846314875","0.00574849266558886","0.00461300733981521","0.00501184416417446"
"21-067-0014","Manganese Pm10 Lc","38.0389671325684","-84.507438659668","LEXINGTON-FAYETTE","","RESIDENTIAL","","","meanRos_ug_m3","No","No Trend","Kentucky","Lexington-Fayette (corporate name for Lexington)","Urban And Center City","","No","Manganese","","","","0.00462503565688481","0.00427523251694707","0.00715405454769276","0.00489228791164041","0.00490141504575908","0.0046830372346768","","","","","","","","",""
"21-101-0014","Manganese Pm10 Lc","37.8712005615234","-87.463752746582","NOT IN A CITY","","COMMERCIAL","","UATMP: BAKY","meanRos_ug_m3","No","No Trend","Kentucky","Not in a city","Rural","BASKETT","No","Manganese","","","","","","","","","","0.0065212158835493","0.00414467745334453","0.00572990111460717","0.00569157851068017","0.00419779262979162","0.00443429106574816","0.00488439172285756","",""
"21-139-0004","Manganese Pm10 Lc","37.0715103149414","-88.3338928222656","NOT IN A CITY","","AGRICULTURAL","","UATMP: BLKY","meanRos_ug_m3","No","No Trend","Kentucky","Smithland","Rural","BLOODWORTH","No","Manganese","","","","","","","","","","","","","0.00721450349929714","0.00561797354465066","0.00638235874189916","0.0072671503649993","0.00748102596005962","0.00622424228766207"
"21-157-0018","Manganese Pm10 Lc","37.0270195007324","-88.3438720703125","CALVERT CITY","","RESIDENTIAL","","UATMP: CCKY; CALVERT CITY ELEMENTARY","meanRos_ug_m3","No","No Trend","Kentucky","Calvert City (RR name Calvert)","Suburban","Calvert City Elementary","No","Manganese","","","","0.00613416474118538","0.00565284417511366","0.00510894813024886","0.00401845488886465","0.00595139342892383","0.00537231936699566","0.00589236981754208","0.00394930431606814","0.00560648988637074","","","","","",""
"21-183-0032","Manganese Pm10 Lc","37.3197708129883","-86.9560928344727","NOT IN A CITY","","AGRICULTURAL","","ECHOLS","meanRos_ug_m3","No","Undetermined","Kentucky","Not in a city","Rural","ECHOLS","No","Manganese","","","","","0.00293761072186119","0.00317447497705737","0.00275927523063729","","","","","","","","","","",""
"26-157-0001","Manganese Pm10 Lc","43.3686065673828","-83.5690612792969","Vassar","","RESIDENTIAL","","","meanRos_ug_m3","No","Undetermined","Michigan","Vassar","Suburban","","No","Manganese","","","","","","","","","","","0.0120099177957772","0.00572571028023958","","","","","",""
"26-163-0001","Manganese Pm10 Lc","42.2286186218262","-83.2081985473633","Allen Park","","COMMERCIAL","","UATMP: APMI; IMPROVE: DETR1; PILOT CITY: Allen Park","meanRos_ug_m3","No","No Trend","Michigan","Allen Park","Suburban","Allen Park","No","Manganese","","","","","","","0.00817480381493541","0.00918103156658679","0.0104251107500898","0.0106650132640097","0.00792119367979467","0.00915555570519261","0.00894631813521144","0.0100022947764955","0.00842186269129358","0.00880100964568555","",""
"26-163-0005","Manganese Pm10 Lc","42.2672309875488","-83.1320877075195","River Rouge","","INDUSTRIAL","","UATMP: RRMI; PILOT CITY: River Rouge","meanRos_ug_m3","No","No Trend","Michigan","River Rouge","Suburban","River Rouge","No","Manganese","","","","","","","0.0159996397785124","0.0317124403910554","0.01740645181404","0.0218344549570854","0.0155080225522397","0.0154572137088204","0.0182682042479804","0.0196192699107181","0.0251878777453981","","",""
"26-163-0015","Manganese Pm10 Lc","42.3027877807617","-83.1065292358398","Detroit","","COMMERCIAL","","UATMP: SWMI; PILOT CITY: Southwest HS","meanRos_ug_m3","No","No Trend","Michigan","Detroit","Urban And Center City","Southwestern H.S.","No","Manganese","","","","","","","0.020443323220719","0.0346754928892952","0.0302207819816734","0.0264996033864187","0.0188761254363326","0.0156032216529978","0.0175462753855084","0.02336928622513","0.0260439303160335","0.0263940068119663","",""
"36-061-0062","Manganese Pm10 Lc","40.7206230163574","-74.0036773681641","New York City","","COMMERCIAL","","CANAL STREET","meanRos_ug_m3","No","Undetermined","New York","New York","Urban And Center City","CANAL STREET","No","Manganese","","","0.0141833333376174","","","","","","","","","","","","","","",""
"36-063-2008","Manganese Pm10 Lc","43.0821800231934","-79.0010604858398","Niagara Falls","","INDUSTRIAL","","NIAGARA FALLS","meanRos_ug_m3","No","Undetermined","New York","Niagara Falls","Suburban","NIAGARA FALLS","No","Manganese","","","0.0232170688827394","","","","","","","","","","","","","","",""
"39-029-0020","Manganese Pm10 Lc","40.6395950317383","-80.5240173339844","EAST LIVERPOOL","","INDUSTRIAL","","East Elementary (Water Plant)","meanRos_ug_m3","No","No Trend","Ohio","East Liverpool","Suburban","East Liverpool WTP","No","Manganese","","","","","","","0.141172938436891","0.27294286674199","0.168019306927297","0.107622514812586","0.119859884808756","0.206613783615952","0.387659655573467","0.13133843361946","0.122963276458904","0.0833445746141175","0.116625095562388","0.126529011111707"
"41-005-0301","Manganese Pm10 Lc","45.4600982666016","-122.612503051758","PORTLAND","","COMMERCIAL","","Milwukie Johnson Cr.","meanRos_ug_m3","No","Undetermined","Oregon","Milwaukie","Suburban","Milwukie Johnson Cr.","No","Manganese","","","","","","","","","","","","","","0.00830584181877811","","","",""
"41-029-0133","Manganese Pm10 Lc","42.3141098022461","-122.87922668457","MEDFORD","","RESIDENTIAL","","Medford - Grant & Belmont Sts. (MGB)","meanRos_ug_m3","No","Undetermined","Oregon","Medford","Urban And Center City","Medford - Grant & Belmont Sts. (MGB)","No","Manganese","","","","","","0.00596141227611548","0.00489511989289895","0.00345346390949104","","","","","","","","","",""
"41-029-1001","Manganese Pm10 Lc","42.5359573364258","-122.876152038574","CENTRAL POINT","","AGRICULTURAL","","","meanRos_ug_m3","No","Undetermined","Oregon","Central Point","Rural","","No","Manganese","","","","","","0.00626075418502394","","","","","","","","","","","",""
"41-029-2129","Manganese Pm10 Lc","42.3315505981445","-122.880264282227","Medford","","RESIDENTIAL","","Medford, Welch and Jackson.","meanRos_ug_m3","No","Undetermined","Oregon","Medford","Urban And Center City","Medford, Welch and Jackson.","No","Manganese","","","","","","","","","","0.00719101696622447","","","","","","","0.00652033891094754","0.00805673915285455"
"41-035-0004","Manganese Pm10 Lc","42.1902961730957","-121.731369018555","Klamath Falls","","RESIDENTIAL","","PETERSON ELEM","meanRos_ug_m3","No","Undetermined","Oregon","Altamont","Suburban","Klamath Falls - Peterson School","No","Manganese","","","","","","","","","0.00590560183350352","","","","","","","","",""
"41-039-0059","Manganese Pm10 Lc","44.0672225952148","-123.14134979248","Eugene","","RESIDENTIAL","","Eugene - Hwy 99 (E99)","meanRos_ug_m3","No","Undetermined","Oregon","Eugene","Urban And Center City","Eugene - Hwy 99 (E99)","No","Manganese","","","","","","","","","","","","","","","","0.00869088100513355","0.00587454237047804","0.00947270476828009"
"41-039-0060","Manganese Pm10 Lc","44.0263137817383","-123.083740234375","Eugene","","RESIDENTIAL","","Eugene - AMAZON PARK (EAP)","meanRos_ug_m3","No","No Trend","Oregon","Eugene","Urban And Center City","Eugene - AMAZON PARK (EAP)","No","Manganese","","0.00521637264682795","0.0060634515304569","0.00565617154191794","0.00572522992449596","0.00535336167915914","","0.00411608766825382","","","","","","","","0.00631126831143686","0.00408345761203791","0.00652651671601537"
"41-039-0062","Manganese Pm10 Lc","44.0728988647461","-123.161499023438","EUGENE","","RESIDENTIAL","","","meanRos_ug_m3","No","Undetermined","Oregon","Eugene","Urban And Center City","","No","Manganese","","","","","","","","0.00503461622107817","","","","","","","","","",""
"41-047-0041","Manganese Pm10 Lc","44.943115234375","-123.005935668945","SALEM","","RESIDENTIAL","","Salem - State Hospital","meanRos_ug_m3","No","Undetermined","Oregon","Salem","Urban And Center City","Salem - State Hospital","No","Manganese","","","","","","","0.00449300477518128","","","","","","","","","","",""
"41-051-0030","Manganese Pm10 Lc","45.4974212646484","-122.674667358398","PORTLAND","","RESIDENTIAL","","","meanRos_ug_m3","No","Undetermined","Oregon","Portland","Suburban","","No","Manganese","","","0.0197516076344376","","","","","","","","","","","","","","",""
"41-051-0080","Manganese Pm10 Lc","45.496639251709","-122.602874755859","Portland","","RESIDENTIAL","","Portland - SE Lafayette","meanRos_ug_m3","No","Undetermined","Oregon","Portland","Suburban","Portland - SE Lafayette","No","Manganese","","0.00641543898781688","0.00643049283341194","","","","","","","","","","","","","","",""
"41-051-0100","Manganese Pm10 Lc","45.4971084594727","-122.642311096191","Portland","","COMMERCIAL","","Portland Powell and twenty second","meanRos_ug_m3","No","Undetermined","Oregon","Portland","Urban And Center City","Portland Powell and twenty second","No","Manganese","","","","","","","","","","","","","","0.00806289722842971","","","",""
"41-051-0101","Manganese Pm10 Lc","45.4939498901367","-122.642822265625","Portland","","COMMERCIAL","","Portland Day Care","meanRos_ug_m3","No","Undetermined","Oregon","Portland","Urban And Center City","Portland Day Care","No","Manganese","","","","","","","","","","","","","","0.0111778832844989","","","",""
"41-051-0102","Manganese Pm10 Lc","45.4950103759766","-122.649642944336","Portland","","RESIDENTIAL","","Portland Winterhaven Elementary School","meanRos_ug_m3","No","Undetermined","Oregon","Portland","Urban And Center City","Portland Winterhaven Elementary School","No","Manganese","","","","","","","","","","","","","","0.00949730435810204","","","",""
"41-051-0103","Manganese Pm10 Lc","45.4979400634766","-122.645278930664","Portland","","COMMERCIAL","","Portland Haight and 20th","meanRos_ug_m3","No","Undetermined","Oregon","Portland","Urban And Center City","Portland Haight and 20th","No","Manganese","","","","","","","","","","","","","","0.0111335484440544","","","",""
"41-051-0244","Manganese Pm10 Lc","45.5349998474121","-122.698890686035","Portland","","COMMERCIAL","","UATMP: PNW","meanRos_ug_m3","No","Undetermined","Oregon","Portland","Urban And Center City","SE CORNER OF P.O. PARKING LOT AND SW CORNER OF NEIGHBORING BUILDING","No","Manganese","","0.0393862346080942","0.0418439496513772","","","","","","","","","","","","","","",""
"41-051-0300","Manganese Pm10 Lc","45.4630928039551","-122.610626220703","Portland","","RESIDENTIAL","","Portland Harney Dr","meanRos_ug_m3","No","Undetermined","Oregon","Portland","Suburban","Portland Harney Dr","No","Manganese","","","","","","","","","","","","","","0.00796923078298091","","","",""
"41-051-2001","Manganese Pm10 Lc","45.5771751403809","-122.717750549316","Portland","","RESIDENTIAL","","PNS","meanRos_ug_m3","No","Undetermined","Oregon","Portland","Urban And Center City","PNS","No","Manganese","","","","","","","","","","","","","0.0460146658297163","","","","",""
"41-051-2007","Manganese Pm10 Lc","45.5999069213867","-122.758361816406","Portland","","RESIDENTIAL","","Sitton Elementary","meanRos_ug_m3","No","Undetermined","Oregon","Portland","Urban And Center City","Sitton Elementary","No","Manganese","","","","","","","","","","","","","0.0252881834453243","","","","",""
"41-051-2008","Manganese Pm10 Lc","45.5119857788086","-122.482032775879","Gresham","","RESIDENTIAL","","","meanRos_ug_m3","No","Undetermined","Oregon","Gresham","Suburban","","No","Manganese","","","","","","","","","","","","","","","0.00857360332708501","","",""
"41-051-2009","Manganese Pm10 Lc","45.4626846313477","-122.615097045898","Portland","","RESIDENTIAL","","","meanRos_ug_m3","No","Undetermined","Oregon","Portland","Suburban","","No","Manganese","","","","","","","","","","","","","","0.00658078346020323","0.00656272566532319","","",""
"41-051-2011","Manganese Pm10 Lc","45.5625","-122.57527923584","Portland","","RESIDENTIAL","","Portland Cully Helensview School (PCH)","meanRos_ug_m3","No","Undetermined","Oregon","Portland","Rural","Portland Cully Helensview School (PCH)","No","Manganese","","","","","","","","","","","","","","","","0.00672641025187495","0.00522418177702506","0.00625137280933243"
"41-065-0008","Manganese Pm10 Lc","45.5983848571777","-121.184226989746","The Dalles","","RESIDENTIAL","","","meanRos_ug_m3","No","Undetermined","Oregon","City of The Dalles","Rural","","No","Manganese","","","","","","","","","","","","","","","","0.00693636366420171","",""
"41-067-0004","Manganese Pm10 Lc","45.5284996032715","-122.972396850586","Hillsboro","","RESIDENTIAL","","Hillsboro - Hare Field","meanRos_ug_m3","No","Undetermined","Oregon","Hillsboro","Suburban","Hillsboro - Hare Field","No","Manganese","","","","","","","","","","","0.003663857146291","0.00444639344235928","","","","","0.00364743859360093","0.00345711667032447"
"41-067-0005","Manganese Pm10 Lc","45.393497467041","-122.747894287109","Tualatin","","COMMERCIAL","","Tualatin Bradbury Court (TBC) - Near Road Site","meanRos_ug_m3","No","Undetermined","Oregon","Tualatin","Suburban","Tualatin Bradbury Court (TBC) - Near Road Site","No","Manganese","","","","","","","","","","","","","","","","","0.00680640005739406","0.00786506385106514"
"41-067-0111","Manganese Pm10 Lc","45.4701919555664","-122.816413879395","BEAVERTON","","RESIDENTIAL","","Beaverton - Highland Park","meanRos_ug_m3","No","Undetermined","Oregon","Beaverton","Urban And Center City","Beaverton - Highland Park","No","Manganese","","","0.00397439229048111","","","","","","","","","","","","","","",""
"42-007-0007","Manganese Pm10 Lc","40.673656463623","-80.3177337646484","BEAVER","","COMMERCIAL","","","meanRos_ug_m3","No","Undetermined","Pennsylvania","Not in a city","Suburban","","No","Manganese","","","","","","","","","","","","","","","","","0.0100338458343266",""
"42-007-0035","Manganese Pm10 Lc","40.64501953125","-80.5083923339844","Glasgow","","INDUSTRIAL","","","meanRos_ug_m3","No","Undetermined","Pennsylvania","Not in a city","Suburban","","No","Manganese","","","","","","","","","","","","","","","","0.0825947532344058","0.136910355446691","0.107815674472055"
"42-025-0217","Manganese Pm10 Lc","40.8124885559082","-75.6059417724609","","","RESIDENTIAL","","","meanRos_ug_m3","No","Undetermined","Pennsylvania","Not in a city","Suburban","","No","Manganese","","","","","","","","","","","","","","","","","","0.00654922732466928"
"42-025-0300","Manganese Pm10 Lc","40.813289642334","-75.5697937011719","Lower Towamensing Township","","INDUSTRIAL","","PALMERTON ELECTRIC","meanRos_ug_m3","No","Undetermined","Pennsylvania","Not in a city","Rural","PALMERTON ELECTRIC","No","Manganese","","","","","","","","","","","","","","","","","0.0297623581679191","0.035379919980187"
"42-045-0002","Manganese Pm10 Lc","39.8355560302734","-75.3724975585938","Chester","","INDUSTRIAL","","A420450002LAT/LON POINT IS OF CORNER OF TRAILER","meanRos_ug_m3","No","Undetermined","Pennsylvania","Chester","Urban And Center City","A420450002LAT/LON POINT IS OF CORNER OF TRAILER","No","Manganese","","","","","","","","","","","","","","","","","0.0119308637319288",""
"42-071-0007","Manganese Pm10 Lc","40.0466651916504","-76.283332824707","Lancaster City","","INDUSTRIAL","","A420710007LAT/LON POINT AT CORNER OF TRAILER","meanRos_ug_m3","No","Undetermined","Pennsylvania","Lancaster","Suburban","A420710007LAT/LON POINT AT CORNER OF TRAILER","No","Manganese","","","","","","","","","","","","","","","","","0.00527494468954964","0.00581544343845305"
"44-007-0029","Manganese Pm10 Lc","41.816535949707","-71.4374008178711","PROVIDENCE","","RESIDENTIAL","","Bridgham School site","meanRos_ug_m3","No","Undetermined","Rhode Island","Providence","Urban And Center City","Bridgham School site","No","Manganese","","0.00440361038840552","","","","","","","","","","","","","","","",""
"48-139-0017","Manganese Pm10 Lc","32.4736099243164","-97.0425033569336","Midlothian","","RESIDENTIAL","","WEST OF WARD & WYATT RD. INTERSECTION","meanRos_ug_m3","No","Undetermined","Texas","Midlothian","Rural","WEST OF WARD & WYATT RD. INTERSECTION","No","Manganese","0.0453426206950098","","","","","","","","","","","","","","","","",""
"48-201-1035","Manganese Pm10 Lc","29.7337265014648","-95.2575912475586","Houston","","INDUSTRIAL","","Clinton","meanRos_ug_m3","No","No Trend","Texas","Houston","Urban And Center City","Clinton","No","Manganese","0.0318279343665437","0.0254952257945357","0.0428280989882074","0.0414951795712113","0.0334432518969969","0.0374556286345151","0.0228260798857179","0.0277236031757067","0.0324287572041309","0.0284630834465424","0.0259407017936425","0.0343966716225455","0.0311329972689596","0.0193022966581898","","","",""
"50-007-0014","Manganese Pm10 Lc","44.4762001037598","-73.2106018066406","BURLINGTON","","COMMERCIAL","","UATMP: BURVT","meanRos_ug_m3","No","Undetermined","Vermont","Burlington","Urban And Center City","City of Burlington Parking Lot","No","Manganese","","","","","","","","","","","","","","","","","0.00377929034537726","0.00419587097431142"
"50-021-0002","Manganese Pm10 Lc","43.6080551147461","-72.982780456543","RUTLAND","","COMMERCIAL","","UATMP: RUVT","meanRos_ug_m3","No","Undetermined","Vermont","Rutland","Urban And Center City","State of Vermont District Court Parking Lot","No","Manganese","","","","","","","","","","","","","","","0.00406373526065556","0.00327464000321925","0.00331094444199051","0.00368169232164151"
"53-011-0030","Manganese Pm10 Lc","45.6416816711426","-122.68123626709","VANCOUVER","","RESIDENTIAL","","","meanRos_ug_m3","No","Undetermined","Washington","Vancouver","Suburban","","No","Manganese","","","0.00805506576699289","","","","","","","","","","","","","","",""
"53-015-0006","Manganese Pm10 Lc","46.1192779541016","-122.947059631348","LONGVIEW","","COMMERCIAL","","","meanRos_ug_m3","No","Undetermined","Washington","Longview","Urban And Center City","","No","Manganese","","0.00572306322676407","","","","","","","","","","","","","","","",""
"53-033-0030","Manganese Pm10 Lc","47.5972213745117","-122.319725036621","Seattle","","BLIGHTED AREAS","","Seattle-10th & Weller","meanRos_ug_m3","No","Undetermined","Washington","Seattle","Urban And Center City","Seattle-10th & Weller","No","Manganese","","","","","","","","","","","","","","","0.0133302221617972","","",""
"53-063-0016","Manganese Pm10 Lc","47.6607437133789","-117.358123779297","SPOKANE","","COMMERCIAL","","SPOKANE - FERRY ST; CROWN ZELLERBACH","meanRos_ug_m3","No","Undetermined","Washington","Spokane","Suburban","SPOKANE - FERRY ST","No","Manganese","","","0.0306313196662813","","","","","","","","","","","","","","",""
"53-063-0050","Manganese Pm10 Lc","47.6954460144043","-117.370300292969","SPOKANE","","COMMERCIAL","","SCHOOL DISTRICT 81","meanRos_ug_m3","No","Undetermined","Washington","Spokane","Urban And Center City","DISTRICT 81","No","Manganese","","","0.0151555953027504","","","","","","","","","","","","","","",""
"53-063-0052","Manganese Pm10 Lc","47.6651229858398","-117.429092407227","SPOKANE","","COMMERCIAL","","HEALTH DISTRICT","meanRos_ug_m3","No","Undetermined","Washington","Spokane","Urban And Center City","HEALTH DISTRICT","No","Manganese","","","0.0136014486384831","","","","","","","","","","","","","","",""
"53-063-0053","Manganese Pm10 Lc","47.682201385498","-117.304801940918","SPOKANE","","RESIDENTIAL","","FELTS FIELD AIRPORT","meanRos_ug_m3","No","Undetermined","Washington","Not in a city","Urban And Center City","FELTS FIELD AIRPORT","No","Manganese","","","0.0138991669933233","","","","","","","","","","","","","","",""
"54-029-0008","Manganese Pm10 Lc","40.6157188415527","-80.5599975585938","CHESTER","","RESIDENTIAL","","CHESTER","meanRos_ug_m3","No","Undetermined","West Virginia","Chester","Suburban","CHESTER","No","Manganese","","","","","","","","","","","","","","0.0142034365114971","0.0219690692114842","0.0433462781521181","0.0527998548628681",""
"55-079-0010","Manganese Pm10 Lc","43.0166664123535","-87.9333343505859","MILWAUKEE","","COMMERCIAL","","HEALTH CENTER","meanRos_ug_m3","No","No Trend","Wisconsin","Milwaukee","Urban And Center City","MILWAUKEE - SIXTEENTH ST. HEALTH CENTER","No","Manganese","","","","","","0.00974689641012007","0.00743500389424818","0.0128345997904294","0.00988063260447234","","0.00649659809278091","0.00882456582427646","0.00663919572668549","0.00749721982671569","0.00760992485574325","0.00697723609780832","0.00584189931396395",""
"04-013-9997","Manganese Pm10 Lc","33.503833770752","-112.095764160156","Phoenix","Phoenix, AZ","RESIDENTIAL","Urban","UATMP: PXSS; NATTS: Phoenix, AZ; IMPROVE: PHOE1","meanRos_ug_m3","No","No Trend","Arizona","Phoenix","Urban And Center City","JLG SUPERSITE","Yes","Manganese","","","","0.0175991985055034","0.0180744626571649","0.0145146950033673","0.0158458953631706","0.0108831071351045","0.021576595053718","0.0223622537355443","0.0179932786773921","0.018052333414865","0.0141893220726022","0.0199475411027975","0.0192011288975576","0.0182640984555187","0.0143621311614626","0.01791750008706"
"06-037-1103","Manganese Pm10 Lc","34.0665893554688","-118.22688293457","Los Angeles","Los Angeles, CA","RESIDENTIAL","Urban","UATMP: CELA; NATTS: Los Angeles, CA; MATES: Central Los Angeles","meanRos_ug_m3","No","No Trend","California","Los Angeles","Urban And Center City","Los Angeles-North Main Street","Yes","Manganese","","","","","0.00785235156631216","0.0167916293657318","0.0163157893683794","0.0133928569224996","0.0146779659583028","0.013345750029354","0.0142944167018868","0.0141950861454524","0.0131375862723056","0.012918833385144","0.0124430833791848","0.0121582455171103","0.0118749824213681","0.0168066890806788"
"06-065-8001","Manganese Pm10 Lc","33.9995803833008","-117.416007995605","Rubidoux","Rubidoux, CA","RESIDENTIAL","Urban","UATMP: RUCA; NATTS: Rubidoux, CA; MATES: Rubidoux","meanRos_ug_m3","No","No Trend","California","Rubidoux","Suburban","Rubidoux","Yes","Manganese","","","","","0.00903518754454926","0.021382236539939","0.0212363636502149","0.0152177416640634","0.0146203700935951","0.0166809230039899","0.016566083211607","0.0168449998981769","0.0162307407159393","0.0199026314280274","0.0196487070763773","0.0182063689161489","0.0174547251022886","0.0287871934177185"
"06-085-0005","Manganese Pm10 Lc","37.3484954833984","-121.894897460938","San Jose","San Jose, CA","COMMERCIAL","Urban","UATMP: SJCA; NATTS: San Jose, CA","meanRos_ug_m3","No","Increasing","California","San Jose","Urban And Center City","San Jose - Jackson","Yes","Manganese","","","","","","0.00475677120839017","0.0039474891886736","0.003900589704796","0.00670934428621206","0.00622000000687682","0.00818516672006808","0.00692639346463514","0.0075989830370803","0.00713789475297457","0.00836208331456873","","",""
"08-077-0017","Manganese Pm10 Lc","39.0637969970703","-108.561172485352","Grand Junction","Grand Junction, CO","COMMERCIAL","Urban","UATMP: GPCO; NATTS: Grand Junction, CO","meanRos_ug_m3","Yes","Decreasing","Colorado","Grand Junction","Urban And Center City","GRAND JUNCTION - POWELL BLDG","Yes","Manganese","","0.0114966923227152","0.0109024920267984","0.0133851215014455","0.0135756310496707","0.0131734553101266","0.00795810841484737","0.00777042369748924","0.00773330753242287","0.0096962280206897","0.00781415252042619","0.00824449153743305","0.00628826312063131","0.00619061668985523","0.00714570000806513","0.00773694916525698","0.00651827864692409","0.00906416656022581"
"11-001-0043","Manganese Pm10 Lc","38.9218482971191","-77.0131759643555","Washington","Washington, DC","COMMERCIAL","Urban","UATMP: WADC; NATTS: Washington, D.C.","meanRos_ug_m3","Yes","Decreasing","District Of Columbia","Washington","Urban And Center City","MCMILLAN  NCore-PAMS","Yes","Manganese","","0.00442491310449051","0.00676772265301895","0.00461397878008715","0.00575042968583212","0.00417752346236324","0.0044998103225108","0.00581668837994878","0.00477882783015957","0.00513665219149252","0.00432119709101596","0.00527893873809486","0.00590065696229369","0.00463867744912346","0.00409435302642505","0.00390862130359071","0.00384317567480392","0.00400841095383399"
"12-057-3002","Manganese Pm10 Lc","27.9656505584717","-82.2304000854492","Plant City","Tampa, FL","RESIDENTIAL","Urban","UATMP: SYFL; NATTS: Tampa, FL","meanRos_ug_m3","Yes","No Trend","Florida","Valrico","Rural","SYDNEY","Yes","Manganese","","0.00285510187332274","0.0028317465468594","0.00358494480821728","0.00262769081746228","0.00255072404779012","0.00205622951750124","0.00300713116207664","0.0021120491743562","0.00293344261886201","0.00220146552952617","0.00274147540063704","0.00286572496212708","0.00237346721190929","0.00282317741338404","0.00207608064914483","0.00303319827824076","0.00301671308201936"
"12-103-0026","Manganese Pm10 Lc","27.8503475189209","-82.7144622802734","Pinellas Park","Pinellas County, FL","RESIDENTIAL","Urban","UATMP: SKFL; NATTS: Pinellas County, FL","meanRos_ug_m3","Yes","No Trend","Florida","Pinellas Park","Suburban","Skyview","Yes","Manganese","","","0.00277879930170039","0.00295241871336067","0.00267299871986074","0.00298125141416676","0.0028538086306548","0.00306060055621945","0.0019361578213667","0.00282200060028117","0.00191264002431377","0.0030070221811136","0.00269922136940295","0.00264942464077492","0.00345205266809198","0.00252390098855055","0.00334192336380451","0.00330415988850529"
"13-089-0002","Manganese Pm10 Lc","33.6880798339844","-84.2901763916016","Decatur","Atlanta, GA","RESIDENTIAL","Urban","UATMP: SDGA; NATTS: South DeKalb, GA; PAMS: South DeKalb; IMPROVE: ATLA1","meanRos_ug_m3","Yes","Increasing","Georgia","Not in a city","Suburban","South DeKalb","Yes","Manganese","0.00298841526576628","0.00332972156792765","0.00396992958425968","0.00407379131919003","0.00262443855733676","0.0025432287010416","0.00213392981415875","0.0046198848029204","0.00275413030906572","0.00271507609316981","0.00330825166471688","0.00453873662394471","0.00400259262176529","0.00439477849324219","0.00413674439722707","0.00412306841671211","0.00448635284718597","0.00406067355413784"
"17-031-4201","Manganese Pm10 Lc","42.1399955749512","-87.7992248535156","Northbrook","Chicago, IL","RESIDENTIAL","Urban","UATMP: NBIL; NATTS: Chicago, IL","meanRos_ug_m3","Yes","No Trend","Illinois","Northbrook","Suburban","NORTHBROOK WATER PLANT","Yes","Manganese","","","0.0138947023956685","0.0059207137045075","0.00794682630683006","0.00726154779113131","0.00557671318576885","0.00690639684488233","0.0083996830376322","0.00921501461157782","0.00560698780464008","0.0064044126742168","0.00929573541465548","0.00855431417942766","0.00824452134741781","0.00711602791300814","0.00685497421817091","0.00864789560407605"
"21-193-0003","Manganese Pm10 Lc","38.2388687133789","-82.9880981445313","Hazard/Grayson, KY","Hazard/Grayson, KY","RESIDENTIAL","Rural","UATMP: GLKY; NATTS: Grayson Lake, KY","meanRos_ug_m3","Yes","Decreasing","Kentucky","Hazard/Grayson, KY","Rural","Hazard/Grayson, KY","Yes","Manganese","0.0054000783221502","0.00511927242781493","0.00479025786664952","0.0040842543414827","0.00469139869694021","","0.00267877411267375","0.00347459631160377","0.00324997501425619","0.00375460694327958","0.00258525283622429","0.00392456214072901","0.00355239412727252","0.00242715951260495","0.00250942097201395","0.00275209956453182","0.00209371926806246","0.00280008881188715"
"25-025-0042","Manganese Pm10 Lc","42.3294982910156","-71.0826034545898","Boston","Roxbury, MA","COMMERCIAL","Urban","UATMP: BOMA; NATTS: Roxbury, MA","meanRos_ug_m3","Yes","No Trend","Massachusetts","Boston","Urban And Center City","DUDLEY SQUARE ROXBURY","Yes","Manganese","","0.00600975857685424","0.00464492021166704","0.00383239819140207","0.0034341988927227","0.00373713400428339","0.00330144486086611","0.00328978351565444","0.00360704849639054","0.00420733206031355","0.00661672129139274","0.00544284486486817","0.00527275000446631","0.00485628448197907","0.00414634745033316","0.00408370690500556","0.00339641667087562","0.00472123457016826"
"26-163-0033","Manganese Pm10 Lc","42.3066749572754","-83.1487503051758","Dearborn","Detroit, MI","INDUSTRIAL","Urban","UATMP: DEMI; NATTS: Detroit, MI; PILOT CITY: Dearborn","meanRos_ug_m3","Yes","Decreasing","Michigan","Dearborn","Suburban","PROPERTY OWNED BY DEARBORN PUBLIC SCHOOLS","Yes","Manganese","0.113451182042869","0.0838240541453505","0.0802909632701976","0.0655249772986782","0.0904582812047253","0.049373408537129","0.027414642954095","0.0391918475236033","0.0357170788872773","0.043488375172706","0.0335296435655574","0.0281636352673723","0.0320695275906473","0.0395053000794421","0.0449346438218008","0.0310794650489384","0.0279530276411346","0.035337492107584"
"29-510-0085","Manganese Pm10 Lc","38.6564292907715","-90.1983489990234","SAINT LOUIS","St. Louis, MO","RESIDENTIAL","Urban","UATMP: S4MO; NATTS: St. Louis, MO","meanRos_ug_m3","Yes","No Trend","Missouri","St. Louis","Urban And Center City","Blair Street","Yes","Manganese","","0.0184858222950067","0.0136676365318784","0.0167949913440556","0.0127203334666168","0.0228825177688182","0.00827065988138703","0.0175625742655636","0.0184344003446621","0.0226490163372173","0.015788679319814","0.0143596805914216","0.0141868256940901","0.0129187385758866","0.0164629508708756","0.0174989166553132","0.0165975833796741","0.0155354416573876"
"36-005-0110","Manganese Pm10 Lc","40.8160018920898","-73.9020004272461","Bronx, NY","Bronx, NY","RESIDENTIAL","Urban","UATMP: BXNY; NATTS: Bronx (#1), NY; PM Supersite: Bronx; IMPROVE: NEYO1","meanRos_ug_m3","No","Decreasing","New York","Bronx, NY","Urban And Center City","Bronx, NY","Yes","Manganese","","","","","0.00846638304561967","0.00729311914959302","0.00729487999533227","","0.00826726230021952","","0.00603742136206806","0.00424592079305571","0.00621993323438801","0.00524336876435427","0.00477843691946053","0.00467399560243633","0.00444506376802341","0.00433481786071419"
"36-055-1007","Manganese Pm10 Lc","43.1461791992188","-77.5481719970703","Rochester","Rochester, NY","RESIDENTIAL","Urban","UATMP: ROCH; NATTS: Rochester, NY; NADP: NY43","meanRos_ug_m3","No","No Trend","New York","Rochester","Urban And Center City","ROCHESTER 2","Yes","Manganese","","","","","0.00438905921060834","0.00347044316061097","0.0032830772086112","0.00369354417138123","0.0033976701982923","0.00420739650265508","0.00376384106753643","0.00307236222147752","0.00390054869473845","0.00356373887795295","0.00361178771555914","0.00313781922159251","0.0032040147912792","0.00323980845909534"
"41-051-2010","Manganese Pm10 Lc","45.5580787658691","-122.67098236084","Portland","Portland, OR","RESIDENTIAL","Urban","","meanRos_ug_m3","Yes","No Trend","Oregon","Portland","Urban And Center City","","Yes","Manganese","","0.0145683451294738","0.0159370652074389","0.0119672144088535","0.0126057779099874","0.0142715135952048","0.00898064872480818","0.00674809513331734","0.0107781786443981","0.00980258612002342","0.00998943552821724","0.0101793250073873","0.0172892881192808","","0.0179809333666021","0.0169526967367913","0.00993248361132306","0.0185880832238278"
"41-061-0123","Manganese Pm10 Lc","45.3235015869141","-118.077796936035","La Grande/La Grande Hall, OR","La Grande/La Grande Hall, OR","RESIDENTIAL","Rural","La Grande Hall and N St. (LHN); NATTS: La Grande, OR (Sept 2016)","meanRos_ug_m3","Yes","No Trend","Oregon","La Grande/La Grande Hall, OR","Rural","La Grande/La Grande Hall, OR","Yes","Manganese","","0.00600446380728196","0.00556900981464423","0.0103252458813648","0.00790198467127214","0.00491728468492225","0.0051818237484011","0.00392419826487269","0.00401055309388755","0.00507994485975606","0.00421101617300132","0.00432356659730431","0.00479258329820974","0.00541584996293144","0.00607362502082002","0.00676631146457932","0.00495868851526136","0.00550063800042624"
"44-007-0022","Manganese Pm10 Lc","41.8077774047852","-71.4151077270508","Providence","Providence, RI","RESIDENTIAL","Urban","UATMP: PRRI; NATTS: Providence, RI; PILOT CITY: Urban League","meanRos_ug_m3","Yes","Decreasing","Rhode Island","Providence","Urban And Center City","CCRI Liston Campus ROOFTOP","Yes","Manganese","","0.00386574937006075","0.00443707826818183","0.00429814890563741","0.00351590560075894","0.00338900015464917","0.00280546585620824","0.00252005607935489","0.00232885737049011","0.0019691746663751","0.00196469168427174","0.00274384065996856","0.00362847244191394","0.00239226181869965","0.00276098533442749","0.00306605630390488","0.00245411409138653","0.00258353430288449"
"45-025-0001","Manganese Pm10 Lc","34.6153678894043","-80.1987915039063","MCBEE","Chesterfield, SC","FOREST","Rural","UATMP: CHSC; NATTS: Chesterfield, SC","meanRos_ug_m3","Yes","No Trend","South Carolina","Not in a city","Rural","CHESTERFIELD","Yes","Manganese","","0.00329218701500387","0.00321915913591511","0.00323168845779006","0.00321213202470078","0.00308505930889485","0.00237886883894775","0.00292636065378396","0.00221343331310588","0.00236693103595136","0.002332745761046","0.00360958035110213","0.0195597678133968","0.0123540250196432","0.0038073165070576","0.00260847223722117","0.00240933336317539","0.00218891669574077"
"48-201-1039","Manganese Pm10 Lc","29.6700248718262","-95.1285095214844","Deer Park","Houston, TX","RESIDENTIAL","Urban","UATMP: CAMS 35; NATTS: Houston, TX; IMPROVE: HOUS1","meanRos_ug_m3","No","No Trend","Texas","Deer Park","Urban And Center City","Houston Deer Park #2","Yes","Manganese","0.00764456982896836","0.00466295365062621","0.00473940639124023","0.00662177801132202","0.00424679836512289","0.00502896260253952","0.00463927971431985","0.00561706926150768","0.00616729058189473","0.00691754651851341","0.00625650487271458","0.00758251754021211","0.00728397761971185","0.00431503479051228","0.00588846686434285","","",""
"48-203-0002","Manganese Pm10 Lc","32.6689872741699","-94.1674575805664","Not In A City","Karnack, TX","AGRICULTURAL","Rural","UATMP: CAMS 85; NATTS: Karnack, TX","meanRos_ug_m3","No","No Trend","Texas","Not in a city","Rural","Karnack","Yes","Manganese","","","","","","","","0.00442175390652649","0.00441449511320873","0.00492581622319896","0.00365580728875698","0.00504433168322992","0.00450344897325198","0.00417402174565216","0.00411745209592105","","",""
"49-011-0004","Manganese Pm10 Lc","40.9029655456543","-111.884468078613","Bountiful","Bountiful, UT","RESIDENTIAL","Urban","UATMP: BTUT; NATTS: Bountiful, UT","meanRos_ug_m3","Yes","No Trend","Utah","Bountiful","Suburban","Bountiful Viewmont","Yes","Manganese","","0.00794485474877533","0.00657778439482958","0.00700476103144144","0.00892646395266383","0.00774303540432205","0.00625306078019726","0.00501642595893719","0.00678186245980517","0.00705960940920928","0.00706557752327772","0.00768473567727038","0.00743022993095413","0.00743986269649626","0.00783470927954427","0.0109368103253655","0.00577583038270509","0.00917465790170955"
"50-007-0007","Manganese Pm10 Lc","44.5283889770508","-72.8688430786133","Underhill","Underhill, VT","FOREST","Rural","UATMP: UNVT; NATTS: Underhill, VT; IMPROVE:PMRF1; NADP: VT99","meanRos_ug_m3","Yes","Increasing","Vermont","Underhill (Town of)","Rural","PROCTOR MAPLE RESEARCH CTR","Yes","Manganese","","0.00109137930497848","0.00100988136102264","0.000938224131522443","0.00101424074104957","0.00100762710829613","0.000886399997883321","0.00193819674266289","0.00183728071013384","0.00195803278560949","0.00194372881551163","0.00153106557812206","0.00207422620864929","0.00180679506223389","0.00164009321365561","0.00182717213811273","0.00118266380149945","0.00202589165807391"
"51-087-0014","Manganese Pm10 Lc","37.5565185546875","-77.4002685546875","NOT IN A CITY","Richmond, VA","RESIDENTIAL","Urban","UATMP: RIVA; NATTS: Richmond, VA","meanRos_ug_m3","No","Decreasing","Virginia","East Highland Park","Suburban","MathScience Innovation Center","Yes","Manganese","","","","","","","0.00273596665162283","0.00370434422110833","0.0027305632365978","0.00304916664996805","0.00232866668084171","0.00214796610002927","0.00279966102255966","0.00225886099644289","0.00237778833446403","0.00195539998676395","0.00229666103762811","0.00204160345611885"
"53-033-0080","Manganese Pm10 Lc","47.5682373046875","-122.308624267578","Seattle","Seattle, WA","RESIDENTIAL","Urban","UATMP: SEWA; NATTS: Seattle, WA; IMPROVE: PUSO1; PILOT CITY: Beacon Hill","meanRos_ug_m3","Yes","Decreasing","Washington","Seattle","Urban And Center City","SEATTLE - BEACON HILL","Yes","Manganese","0.00626873489508921","0.00819870576230904","0.0107552674713499","","0.013149134106546","0.0115216686972417","0.00744277132690837","0.00595013292682967","0.00852725760282216","0.010105279696537","0.00687333340271531","0.00510866665669406","0.00576600007781084","0.00551884474658311","0.00599498667288572","0.00537777635786609","0.00613937496818835","0.0050677599926712"
"55-027-0001","Manganese Pm10 Lc","43.4661102294922","-88.6211090087891","Mayville/Horicon, WI","Mayville/Horicon, WI","AGRICULTURAL","Rural","UATMP: HOWI; NATTS: Horicon, Wi; Horicon Wildlife Area; NADP: WI07","meanRos_ug_m3","Yes","Decreasing","Wisconsin","Mayville/Horicon, WI","Rural","Mayville/Horicon, WI","Yes","Manganese","","","0.00614694609136607","0.00560511287247729","0.00619760401056484","0.0039929200363751","0.00357352497225043","0.00389368892259275","0.0036696789231767","0.00497798396891244","0.00330306802373213","0.00349916589396746","0.00344352990424639","0.00369487624351768","0.00355412843919412","0.00360890723021995","0.00297859579516244","0.00407027818679732"
