"site_id","parameter_desc","latitude","longitude","city_name","location","land_use_type","setting","site_name","stat","used_in_nat_agg","trend","state_name","location_setting","local_site_name","natts","toxic_name_alias","2003","2004","2005","2006","2007","2008","2009","2010","2011","2012","2013","2014","2015","2016","2017","2018","2019","2020","2021"
"01-073-2003","Arsenic Pm10 Lc","33.4997215270996","-86.9241638183594","Birmingham","","Residential","","Wylam","meanRos_ug_m3","No","Undetermined","Alabama","Suburban","Wylam","No","Arsenic","","","","","","","","","","","","","","","","0.00124723076497993","","",""
"01-073-5502","Arsenic Pm10 Lc","33.5447998046875","-86.8238983154297","Birmingham","","Commercial","","Lewis Elementary School","meanRos_ug_m3","No","Undetermined","Alabama","Urban And Center City","Lewis Elementary School","No","Arsenic","","","","","","","","","","0.00119736842814171","","","","","","","","",""
"01-073-5503","Arsenic Pm10 Lc","33.5684013366699","-86.8029022216797","Birmingham","","Commercial","","Riggins School","meanRos_ug_m3","No","Undetermined","Alabama","Urban And Center City","Riggins School","No","Arsenic","","","","","","","","","","0.00224346153696295","","","","","","","","",""
"01-073-5505","Arsenic Pm10 Lc","33.5566329956055","-86.8054656982422","Birmingham","","Residential","","Hudson K-8","meanRos_ug_m3","No","Undetermined","Alabama","Urban And Center City","Hudson K-8","No","Arsenic","","","","","","","","","","0.00138722221729242","","","","","","","","",""
"01-073-6004","Arsenic Pm10 Lc","33.5652770996094","-86.79638671875","Birmingham","","Residential","","UATMP: SIAL; Sloss Industries","meanRos_ug_m3","No","Undetermined","Alabama","Urban And Center City","Sloss Shuttlesworth","No","Arsenic","","","","","","","","","","0.00265540541354189","","","","","","","","",""
"04-013-4009","Arsenic Pm10 Lc","33.406421661377","-112.144340515137","Phoenix","","Industrial","","UATMP: MCAZ","meanRos_ug_m3","No","Undetermined","Arizona","Urban And Center City","WEST 43RD AVENUE","No","Arsenic","","","","","","","","0.000807101442610469","","","","","","","","","","",""
"04-013-9997","Arsenic Pm10 Lc","33.503833770752","-112.095764160156","Phoenix","Phoenix, AZ","Residential","Urban","UATMP: PXSS; NATTS: Phoenix, AZ; IMPROVE: PHOE1","meanRos_ug_m3","No","No Trend","Arizona","Urban And Center City","JLG SUPERSITE","Yes","Arsenic","","","","0.000620527156940425","0.000712388546501535","0.000683618805013497","0.000566564233507007","0.000494099138011044","0.000747241056309517","0.000669587268036042","0.000485573771286118","0.000546166673181384","0.000568813560984366","0.000712852466796128","0.000745709682251477","0.000649114756045298","0.000502590163750192","0.000530311474829462","0.000554440677969054"
"06-037-1103","Arsenic Pm10 Lc","34.0665893554688","-118.22688293457","Los Angeles","Los Angeles, CA","Residential","Urban","UATMP: CELA; NATTS: Los Angeles, CA; MATES: Central Los Angeles","meanRos_ug_m3","No","Decreasing","California","Urban And Center City","Los Angeles-North Main Street","Yes","Arsenic","","","","","0.00462240945585748","0.000953599982426699","0.00084127622093389","0.000475178579498398","0.000695737163457818","0.001064333331063","0.000488333331547134","0.000481281722709541","0.000505517238017437","0.000432750003528781","0.000497416668319299","0.000463363638846204","0.000412149121984839","0.000603433335749691","0.000430852458938731"
"06-065-8001","Arsenic Pm10 Lc","33.9995803833008","-117.416007995605","Rubidoux","Rubidoux, CA","Residential","Urban","UATMP: RUCA; NATTS: Rubidoux, CA; MATES: Rubidoux","meanRos_ug_m3","No","No Trend","California","Suburban","Rubidoux","Yes","Arsenic","","","","","0.00817633817421809","0.000859895553378069","0.000633798031509861","0.000559045407072907","0.000535438116694348","0.000579692308047715","0.000491250001990314","0.000504482752336932","0.000499259258638766","0.000645877192207416","0.000618534479897413","0.000614918032579971","0.000546424994293678","0.000873284095591358","0.000646680331794683"
"06-085-0005","Arsenic Pm10 Lc","37.3484954833984","-121.894897460938","San Jose","San Jose, CA","Commercial","Urban","UATMP: SJCA; NATTS: San Jose, CA","meanRos_ug_m3","No","Increasing","California","Urban And Center City","San Jose - Jackson","Yes - Former","Arsenic","","","","","","0.000421024066945691","0.000327138268523616","0.000378799165520802","0.000392216415614623","0.000394134062342921","0.000522216066316304","0.000448731183271422","0.00051501694962114","0.000453929828118386","0.000548783337641604","","","",""
"08-077-0017","Arsenic Pm10 Lc","39.0637969970703","-108.561172485352","Grand Junction","","Commercial","","UATMP: GPCO; NATTS: Grand Junction, CO","meanRos_ug_m3","No","No Trend","Colorado","Urban And Center City","GRAND JUNCTION - POWELL BLDG","Yes","Arsenic","","","","","","","","0.00123932203342073","0.000599771515893129","0.000523333334856209","0.000354096215668933","0.000287320690367397","0.000278622808477131","0.000316433331196701","0.000311183332875468","0.000319464405593107","0.000269237705413348","0.000374675002118844","0.00029235081986923"
"11-001-0043","Arsenic Pm10 Lc","38.9218482971191","-77.0131759643555","Washington","Washington, DC","Commercial","Urban","UATMP: WADC; NATTS: Washington, D.C.","meanRos_ug_m3","Yes","No Trend","District of Columbia","Urban And Center City","MCMILLAN  NCore-PAMS","Yes","Arsenic","","0.000681092088988018","0.000665296461969392","0.000560374010411467","0.000710959703658438","0.000675532942718537","0.000792511847389359","0.00071494483892175","0.000672450894368618","0.000808680741277884","0.000719537752428873","0.000678091038249387","0.000802229470829874","0.000775714998122441","0.000740823321158983","0.000660603835234313","0.000605290913553603","0.000793022394411251","0.00113187043175681"
"12-057-1065","Arsenic Pm10 Lc","27.8925228118896","-82.5384292602539","Tampa","","Commercial","","UATMP: GAFL; NADP: FL18; PILOT CITY: Gandy","meanRos_ug_m3","No","No Trend","Florida","Suburban","USMC Reserve Center (Gandy)","No","Arsenic","","0.00122015113460325","0.000956265209242701","0.000765825374154532","0.000577464144305973","0.000588562247938797","","","","","","","","","","","","",""
"12-057-3002","Arsenic Pm10 Lc","27.9656505584717","-82.2304000854492","Plant City","Tampa, FL","Residential","Urban","UATMP: SYFL; NATTS: Tampa, FL","meanRos_ug_m3","Yes","No Trend","Florida","Rural","SYDNEY","Yes","Arsenic","","0.00133551433051037","0.00164341087891105","0.00101296656925353","0.00111615073061936","0.00128212170289018","0.00120536490606758","0.000937749316242426","0.000971460945470799","0.00123770785316444","0.000938243355684754","0.00131022727780411","0.00118433333094193","0.00127536884807699","0.00118911290407977","0.00119095161038962","0.00108887068977467","0.00127052459756073","0.00104190984127287"
"12-095-1004","Arsenic Pm10 Lc","28.5511112213135","-81.345344543457","Orlando","","Commercial","","UATMP: PAFL","meanRos_ug_m3","No","No Trend","Florida","Suburban","Primrose Ave","No","Arsenic","","","","","","0.000772009655095947","0.000720258968818422","0.000575943152459028","0.000624237896596652","","","","0.000622345891860764","0.000523219261973888","","","","",""
"12-095-2002","Arsenic Pm10 Lc","28.5963897705078","-81.3625030517578","Winter Park","","Commercial","","UATMP: ORFL","meanRos_ug_m3","No","No Trend","Florida","Urban And Center City","WINTER PARK","No","Arsenic","","","","","","","","","","0.000951530042844492","0.000728439484373666","0.00082629511016421","0.000622290376215829","0.000523219261973888","","","","",""
"12-103-0018","Arsenic Pm10 Lc","27.7858657836914","-82.739875793457","St. Petersburg","","Residential","","UATMP: AZFL; PILOT CITY: Azalea Park","meanRos_ug_m3","No","Increasing","Florida","Suburban","Azalea Park","No","Arsenic","","","0.0012520100028875","0.00107538502488751","0.000753852026734375","0.00116675141931618","0.00104194470647707","0.00110346565312194","0.00113630859342549","0.00145009820718971","0.00117059392232477","0.00158413749032677","0.00125836600698491","0.00139898241074855","","","","",""
"12-103-0026","Arsenic Pm10 Lc","27.8503475189209","-82.7144622802734","Pinellas Park","Pinellas County, FL","Residential","Urban","UATMP: SKFL; NATTS: Pinellas County, FL","meanRos_ug_m3","Yes","No Trend","Florida","Suburban","Skyview","Yes","Arsenic","","","0.00148821295311552","0.00125826535677014","0.00109687852592946","0.00150509809560996","0.00190983874604991","0.00196520156264267","0.00140394094972483","0.00271399456966362","0.00141870907541657","0.00188670985869153","0.00156704208735997","0.00178822998388004","0.00254463354081725","0.00155477757095165","0.00113200457083428","0.00102365963956814","0.000908303349182897"
"13-089-0002","Arsenic Pm10 Lc","33.6880798339844","-84.2901763916016","Decatur","Atlanta, GA","Residential","Urban","UATMP: SDGA; NATTS: South DeKalb, GA; PAMS: South DeKalb; IMPROVE: ATLA1","meanRos_ug_m3","Yes","No Trend","Georgia","Suburban","South DeKalb","Yes","Arsenic","","0.000545242393201175","0.000715610029485711","0.000842344423390257","0.000681237550029722","0.00051781451565944","0.000532181231779135","0.000591202304201028","0.000578749453495062","0.000505308043987732","0.000637116722081264","0.000963774254797456","0.00075245766288159","0.000580786208693192","0.000747612531206538","0.000704319952846647","0.000808734376926894","0.000913852734811371","0.000780341843002322"
"16-001-0100","Arsenic Pm10 Lc","43.6012992858887","-116.347297668457","Meridian","","Commercial","","","meanRos_ug_m3","No","Undetermined","Idaho","Suburban","","No","Arsenic","","","","","0.000318329141826288","","","","","","","","","","","","","",""
"16-001-0200","Arsenic Pm10 Lc","43.5775985717773","-116.177696228027","Boise","","Residential","","White Pine Elementary School","meanRos_ug_m3","No","Undetermined","Idaho","Urban And Center City","","No","Arsenic","","","","","0.00026767676847937","","","","","","","","","","","","","",""
"16-001-0300","Arsenic Pm10 Lc","43.6366691589355","-116.270217895508","Boise","","Residential","","Mt. View","meanRos_ug_m3","No","Undetermined","Idaho","Urban And Center City","","No","Arsenic","","","","","0.00033598322912248","","","","","","","","","","","","","",""
"16-027-0004","Arsenic Pm10 Lc","43.5624008178711","-116.563232421875","Nampa","","Residential","","NORTHWEST NAZARENE COLLEGE SAMPLER ON ARTS BUILDING IN SUB. SETTING","meanRos_ug_m3","No","Undetermined","Idaho","Suburban","NORTHWEST NAZARENE COLLEGE SAMPLER ON ARTS BUILDING IN SUB. SETTING","No","Arsenic","","","","","0.000369289181551908","","","","","","","","","","","","","",""
"16-027-0400","Arsenic Pm10 Lc","43.7872009277344","-116.959602355957","Parma","","Agricultural","","Parma","meanRos_ug_m3","No","Undetermined","Idaho","Rural","","No","Arsenic","","","","","0.000585824555047212","","","","","","","","","","","","","",""
"16-069-0006","Arsenic Pm10 Lc","46.4295616149902","-116.99242401123","Lewiston","","Industrial","","","meanRos_ug_m3","No","Undetermined","Idaho","Suburban","","No","Arsenic","","","","0.000521442532570088","","","","","","","","","","","","","","",""
"16-069-0009","Arsenic Pm10 Lc","46.4177780151367","-117.018608093262","Lewiston","","Commercial","","","meanRos_ug_m3","No","Undetermined","Idaho","Urban And Center City","","No","Arsenic","","","","0.000513763788970188","","","","","","","","","","","","","","",""
"16-069-0012","Arsenic Pm10 Lc","46.4083518981934","-116.992530822754","Lewiston","","Residential","","SUNSET PARK LOCATION, BETWEEN CITY CENTER AND POTLACH CORP.,","meanRos_ug_m3","No","Undetermined","Idaho","Suburban","SUNSET PARK LOCATION, BETWEEN CITY CENTER AND POTLACH CORP.,","No","Arsenic","","","","0.000356026000695743","","","","","","","","","","","","","","",""
"16-069-0013","Arsenic Pm10 Lc","46.3972015380859","-116.806198120117","Lapwei","","Residential","","","meanRos_ug_m3","No","Undetermined","Idaho","Rural","","No","Arsenic","","","","0.000357733038096764","","","","","","","","","","","","","","",""
"16-069-0222","Arsenic Pm10 Lc","46.4380874633789","-116.905181884766","Not In A City","","Commercial","","","meanRos_ug_m3","No","Undetermined","Idaho","Rural","","No","Arsenic","","","","0.000251106667303425","","","","","","","","","","","","","","",""
"17-031-4201","Arsenic Pm10 Lc","42.1399955749512","-87.7992248535156","Northbrook","Chicago, IL","Residential","Urban","UATMP: NBIL; NATTS: Chicago, IL","meanRos_ug_m3","Yes","No Trend","Illinois","Suburban","NORTHBROOK WATER PLANT","Yes","Arsenic","","","0.000715186332541396","0.00087227801334173","0.000876232998993585","0.000762600246162037","0.000749910770596738","0.00077210118973601","0.000742259250024667","0.000740025250976302","0.000632121142281626","0.00067902638995361","0.000954410295629974","0.000886682709709643","0.000711535688363559","0.00068083261744348","0.000604526254302654","0.000852851280735379","0.000732958978415352"
"17-031-XROW","Arsenic Pm10 Lc","41.6866607666016","-87.5397262573242","Chicago","","Industrial","","XAct Monitoring Site: Rowan","meanRos_ug_m3","No","Undetermined","Illinois","Suburban","","No","Arsenic","","","","","","","","","","","","","0.000473328425283755","","","","","",""
"17-163-9010","Arsenic Pm10 Lc","38.6120338439941","-90.1604766845703","Not In A City","","Industrial","","ST. LOUIS - MIDWEST SUPERSITE","meanRos_ug_m3","No","Undetermined","Illinois","Suburban","IEPA-RAPS TRAILER","No","Arsenic","","","","","","","","0.00113055390847034","","","","","","","","","","",""
"17-163-SAUG","Arsenic Pm10 Lc","38.5978202819824","-90.1819229125977","","","","","XACT: Sauget","meanRos_ug_m3","No","Undetermined","Illinois","","","No","Arsenic","","","","","","","","","","","","","","","","","","","0.0011448909233945"
"17-201-XROC","Arsenic Pm10 Lc","42.2571105957031","-89.0914077758789","Rockford","","","","XAct Monitoring Site: Rockford","meanRos_ug_m3","No","Undetermined","Illinois","","","No","Arsenic","","","","","","","","","","","","0.00163395321853","","","","","","",""
"18-089-0022","Arsenic Pm10 Lc","41.6066818237305","-87.3047256469727","Gary","","Industrial","","UATMP: INDEM","meanRos_ug_m3","No","Undetermined","Indiana","Urban And Center City","Gary-IITRI/ 1219.5 meters east of Tennessee St.- old ammuntion bunker","No","Arsenic","","","","","","0.00126365994623679","","","","","","","","","","","","",""
"18-089-0023","Arsenic Pm10 Lc","41.6527404785156","-87.4395523071289","East Chicago","","Industrial","","East Chicago Water Flitration Plant","meanRos_ug_m3","No","No Trend","Indiana","Urban And Center City","SITE MOVED FROM EAST CHICAGO FIELD SCHOOL","No","Arsenic","0.00163196981926561","0.00145582919270667","0.00145695077612643","0.00140609121062572","","0.00123476146307997","","","","","","","","","","","","",""
"18-097-0057","Arsenic Pm10 Lc","39.7490196228027","-86.1863174438477","Indianapolis","","Residential","","UATMP: ININ","meanRos_ug_m3","No","Undetermined","Indiana","Urban And Center City","Indpls- Harding St.","No","Arsenic","","","","","0.000984626444672661","0.00105339100591664","","","","","","","","","","","","",""
"18-097-0085","Arsenic Pm10 Lc","39.7403831481934","-86.2259521484375","Indianapolis","","Military Reservation","","UATMP: IDIN","meanRos_ug_m3","No","Undetermined","Indiana","Urban And Center City","Stout Field 2","No","Arsenic","","","","","0.00108834017252472","0.00108546722395759","","","","","","","","","","","","",""
"21-019-0002","Arsenic Pm10 Lc","38.4767608642578","-82.6313705444336","Ashland","","Industrial","","UATMP: ASKY-M","meanRos_ug_m3","No","No Trend","Kentucky","Urban And Center City","21ST & GREENUP","No","Arsenic","","","","0.00268143939024939","0.00260255449879317","0.00168603481895008","0.00142502314748305","0.00206974979691078","0.00138192374812804","0.00166944164480417","0.00125627570466619","0.00115706880906667","0.00139034414023627","0.00114205862628296","0.0011535678785182","0.00145371914435313","0.00198530444787571","0.00162267221446096","0.00152552967880234"
"21-043-0500","Arsenic Pm10 Lc","38.2388687133789","-82.9880981445313","Hazard/Grayson Lake","Grayson Lake, KY","Residential","Rural","UATMP: HAKY/GLKY; NATTS: Hazard/Grayson Lake, KY","meanRos_ug_m3","Yes","Decreasing","Kentucky","Rural","GRAYSON LAKE","Yes","Arsenic","0.00169165984009037","0.00114688087675042","0.00162499643144353","0.00132131686159639","0.00145179364308968","","0.000485691910700012","0.000636178886636057","0.000499187501087814","0.000594179623183633","0.000492549691309586","0.000399098762320865","0.000557961710708799","0.00053749289620131","0.000480042524551599","0.000476704072909719","0.000449574621719269","0.000539125291130612","0.00048663201956818"
"21-067-0012","Arsenic Pm10 Lc","38.0650291442871","-84.4976119995117","Lexington-Fayette","","Residential","","UATMP: LEKY","meanRos_ug_m3","No","No Trend","Kentucky","Suburban","LEXINGTON PRIMARY","No","Arsenic","","","","","","","","","","0.000878613098077285","0.000682842969157829","0.000685771571884938","0.000818015634389927","0.000813869659434707","0.0008732632625852","0.000953626139354974","0.000908876280456233","0.00105864532910076","0.000876078975124983"
"21-067-0014","Arsenic Pm10 Lc","38.0389671325684","-84.507438659668","Lexington-Fayette","","Residential","","","meanRos_ug_m3","No","No Trend","Kentucky","Urban And Center City","","No","Arsenic","","","","0.00122967926615566","0.00133703835699536","0.00133427609421975","0.00117739405160106","0.00122170629557477","0.000896763570297644","","","","","","","","","",""
"21-101-0014","Arsenic Pm10 Lc","37.8712005615234","-87.463752746582","Not In A City","","Commercial","","UATMP: BAKY","meanRos_ug_m3","No","No Trend","Kentucky","Rural","BASKETT","No","Arsenic","","","","","","","","","","0.000920286899459984","0.000835381091210054","0.000872281458173105","0.00097478412156501","0.000935908503692942","0.00100297255533709","0.000907433538247317","","",""
"21-139-0004","Arsenic Pm10 Lc","37.0715103149414","-88.3338928222656","Not In A City","","Agricultural","","UATMP: BLKY","meanRos_ug_m3","No","No Trend","Kentucky","Rural","BLOODWORTH","No","Arsenic","","","","","","","","","","","","","0.000578095785096473","0.000553561987945321","0.000579219157694073","0.000527454362248857","0.000571764477280016","0.000657430185048805",""
"21-157-0018","Arsenic Pm10 Lc","37.0270195007324","-88.3438720703125","Calvert City","","Residential","","UATMP: CCKY; CALVERT CITY ELEMENTARY","meanRos_ug_m3","No","No Trend","Kentucky","Suburban","CALVERT CITY ELEMENTARY","No","Arsenic","","","","0.000938772539347329","0.000556519579440391","0.000665761499424242","0.000549170240921859","0.000652616456022074","0.000529138814965245","0.000805921416822092","0.000626755325454042","0.000560118210457494","","","","","","",""
"21-183-0032","Arsenic Pm10 Lc","37.3197708129883","-86.9560928344727","Not In A City","","Agricultural","","ECHOLS","meanRos_ug_m3","No","Undetermined","Kentucky","Rural","ECHOLS","No","Arsenic","","","","","0.000909933999090752","0.000769558898317614","0.000690077553812694","","","","","","","","","","","",""
"25-025-0042","Arsenic Pm10 Lc","42.3294982910156","-71.0826034545898","Boston","Roxbury, MA","Commercial","Urban","UATMP: BOMA; NATTS: Roxbury, MA","meanRos_ug_m3","Yes","Decreasing","Massachusetts","Urban And Center City","DUDLEY SQUARE ROXBURY","Yes","Arsenic","","0.000781658133039147","0.00052102776036739","0.000572311479897637","0.000483351329097848","0.000635063831941807","0.000500761033450902","0.000369264624228502","0.000445586544689528","0.000529898144018485","0.000475024590659665","0.000392163069038327","0.000512100002979802","0.000482741380908229","0.000406279659389037","0.000355002585600797","0.00030314916551409","0.000441102466010992","0.000398168004285253"
"26-157-0001","Arsenic Pm10 Lc","43.3686065673828","-83.5690612792969","Vassar","","Residential","","","meanRos_ug_m3","No","Undetermined","Michigan","Suburban","","No","Arsenic","","","","","","","","","","","0.000856805371189363","0.000746811798853742","","","","","","",""
"26-163-0001","Arsenic Pm10 Lc","42.2286186218262","-83.2081985473633","Allen Park","","Commercial","","UATMP: APMI; IMPROVE: DETR1; PILOT CITY: Allen Park","meanRos_ug_m3","No","No Trend","Michigan","Suburban","Allen Park","No","Arsenic","","","","","","","","0.00125557254635832","0.00107956240106556","0.00121131280487686","0.00125740395809631","0.0013763989559651","0.00163169962641028","0.00131610961365966","0.00118463173986144","0.00108861355111003","","",""
"26-163-0033","Arsenic Pm10 Lc","42.3066749572754","-83.1487503051758","Dearborn","Detroit, MI","Industrial","Urban","UATMP: DEMI; NATTS: Detroit, MI; PILOT CITY: Dearborn","meanRos_ug_m3","Yes","Decreasing","Michigan","Suburban","PROPERTY OWNED BY DEARBORN PUBLIC SCHOOLS","Yes","Arsenic","0.00253711038056926","0.0029950151734299","0.0021273592271323","0.00200181932475594","0.00191322055276639","0.00167850545821253","0.00138316999472144","0.00159910280931106","0.00129814807885731","0.00146905906302011","0.00139564378564087","0.00172248056810158","0.00188963431452673","0.0011923549104344","0.00192449074185338","0.00114356916905093","0.00113404130693414","0.00167229506542333","0.000458806828817626"
"29-099-0019","Arsenic Pm10 Lc","38.448673248291","-90.3959045410156","Arnold","","Residential","","Arnold West","meanRos_ug_m3","No","Undetermined","Missouri","Suburban","Arnold West","No","Arsenic","","","","","","0.0010356406094869","","","","","","","","","","","","",""
"29-189-WASH","Arsenic Pm10 Lc","38.6489295959473","-90.3108825683594","","","","","Washington University","meanRos_ug_m3","No","Undetermined","Missouri","","","No","Arsenic","","","","","","0.00081576270932308","","","","","","","","","","","","",""
"29-510-0085","Arsenic Pm10 Lc","38.6564292907715","-90.1983489990234","St. Louis","St. Louis, MO","Residential","Urban","UATMP: S4MO; NATTS: St. Louis, MO","meanRos_ug_m3","Yes","Decreasing","Missouri","Urban And Center City","Blair Street","Yes","Arsenic","","0.00170375991729088","0.0023355110066315","0.00107379072302384","0.00188817643502261","0.00132770628857304","0.00160691303583384","0.00104171257003145","0.000884502028584701","0.00108024591081928","0.000965008559074473","0.00091597896204258","0.000707761348505192","0.000874813065060307","0.000812040980772657","0.0008263999963674","0.000783324995912456","0.000804226833330783","0.00068849166976482"
"29-510-0088","Arsenic Pm10 Lc","38.6907501220703","-90.2093048095703","St. Louis","","Urban And Center City","","","meanRos_ug_m3","No","Undetermined","Missouri","Industrial","","No","Arsenic","","","","","","0.00106371900120612","","","","","","","","","","","","",""
"33-011-0020","Arsenic Pm10 Lc","42.995777130127","-71.4625244140625","Manchester","","Commercial","","PEARL ST MUNICIPAL PARKING LOT","meanRos_ug_m3","No","Undetermined","New Hampshire","Urban And Center City","PEARL ST MUNICIPAL PARKING LOT","No","Arsenic","0.00192086297320202","0.00189639890145156","","","","","","","","","","","","","","","","",""
"33-013-1003","Arsenic Pm10 Lc","43.177303314209","-71.4620132446289","Pembroke","","Residential","","","meanRos_ug_m3","No","Undetermined","New Hampshire","Rural","","No","Arsenic","0.00191433263685683","","","","","","","","","","","","","","","","","",""
"33-013-1006","Arsenic Pm10 Lc","43.1324615478516","-71.4582443237305","Pembroke","","Residential","","PEMBROKE HIGHWAY DEPARTMENT","meanRos_ug_m3","No","Undetermined","New Hampshire","Suburban","PEMBROKE HIGHWAY DEPARTMENT","No","Arsenic","0.00237289488572499","","","","","","","","","","","","","","","","","",""
"33-015-0014","Arsenic Pm10 Lc","43.0753707885742","-70.7480163574219","Portsmouth","","Residential","","PORTSMOUTH - PEIRCE ISLAND","meanRos_ug_m3","No","Undetermined","New Hampshire","Urban And Center City","PORTSMOUTH - PEIRCE ISLAND","No","Arsenic","0.00227381242439151","0.00221514727898119","","","","","","","","","","","","","","","","",""
"33-019-0003","Arsenic Pm10 Lc","43.3645172119141","-72.3378677368164","Claremont","","Residential","","","meanRos_ug_m3","No","Undetermined","New Hampshire","Urban And Center City","","No","Arsenic","0.0019248362747021","","","","","","","","","","","","","","","","","",""
"36-005-0110","Arsenic Pm10 Lc","40.8160018920898","-73.9020004272461","New York City","Bronx, NY","Residential","Urban","UATMP: MONY/BXNY; NATTS: Bronx, NY","meanRos_ug_m3","No","Decreasing","New York","Urban And Center City","IS 52","Yes","Arsenic","","","","","0.000593511481455575","0.000861428335338132","0.000790769755305936","","0.000712248965132387","","0.000632264755189621","0.000418436127978155","0.00059683636900445","0.000500350782711934","0.000393861525627592","0.000428888122458279","0.000408109784000801","0.000430824770338715","0.00045967333153385"
"36-055-1007","Arsenic Pm10 Lc","43.1461791992188","-77.5481719970703","Rochester","Rochester, NY","Residential","Urban","UATMP: ROCH; NATTS: Rochester, NY; NADP: NY43","meanRos_ug_m3","No","Decreasing","New York","Urban And Center City","ROCHESTER 2","Yes","Arsenic","","","","","0.000639415495654798","0.000857762748708802","0.000714551753940453","0.000759227418366836","0.000684988707319092","0.000665113963198868","0.000757048210029357","0.000479452205443029","0.000710048886113717","0.000553746296746896","0.000603896491954577","0.00050808741622765","0.00052470128788021","0.000607959087050157","0.000630547168152846"
"36-061-0062","Arsenic Pm10 Lc","40.7206230163574","-74.0036773681641","New York City","","Commercial","","CANAL STREET","meanRos_ug_m3","No","Undetermined","New York","Urban And Center City","CANAL STREET","No","Arsenic","","","0.0018238876437296","","","","","","","","","","","","","","","",""
"36-063-2008","Arsenic Pm10 Lc","43.0821800231934","-79.0010604858398","Niagara Falls","","Industrial","","NIAGARA FALLS","meanRos_ug_m3","No","Undetermined","New York","Suburban","NIAGARA FALLS","No","Arsenic","","","0.00179504449523908","","","","","","","","","","","","","","","",""
"36-085-0106","Arsenic Pm10 Lc","40.5781097412109","-74.1843032836914","New York City","","Industrial","","UNLOADING ZONE FRESHKILLLS LANDFILL","meanRos_ug_m3","No","Undetermined","New York","Urban And Center City","UNLOADING ZONE FRESHKILLLS LANDFILL","No","Arsenic","0.00106961092387792","","","","","","","","","","","","","","","","","",""
"36-085-0111","Arsenic Pm10 Lc","40.5802688598633","-74.1983184814453","New York City","","Commercial","","FRESHKILLS WEST","meanRos_ug_m3","No","Undetermined","New York","Suburban","FRESHKILLS WEST","No","Arsenic","0.00106253581123803","","","","","","","","","","","","","","","","","",""
"36-085-0131","Arsenic Pm10 Lc","40.5880584716797","-74.1688232421875","New York City","","Industrial","","FRESHKILLS EAST","meanRos_ug_m3","No","Undetermined","New York","Urban And Center City","FRESHKILLS EAST","No","Arsenic","0.001585188235556","","","","","","","","","","","","","","","","","",""
"36-085-0132","Arsenic Pm10 Lc","40.5805587768555","-74.1517791748047","New York City","","Commercial","","LATOURETTE GOLF COURSE","meanRos_ug_m3","No","Undetermined","New York","Suburban","LATOURETTE GOLF COURSE","No","Arsenic","0.00111904245460647","","","","","","","","","","","","","","","","","",""
"39-029-0020","Arsenic Pm10 Lc","40.6395950317383","-80.5240173339844","East Liverpool","","Industrial","","East Elementary (Water Plant)","meanRos_ug_m3","No","No Trend","Ohio","Suburban","East Liverpool WTP","No","Arsenic","","","","","","","0.0031117317538398","0.00307810495917996","0.00185796478177841","0.00361437300064911","0.00315731985620775","0.00308976656524464","0.00413101874291897","0.0032483498557824","0.0032439441109697","0.00332779397812525","0.00335108456977954","0.00342000544071197","0.00322506910782646"
"40-143-1127","Arsenic Pm10 Lc","36.2049026489258","-95.9765396118164","Tulsa","Tulsa, OK","Residential","Urban","UATMP: TMOK","meanRos_ug_m3","No","Undetermined","Oklahoma","Urban And Center City","NORTH TULSA - FIRE STATION#24","Yes","Arsenic","","","","","","","","","","","","","","","","","","","0.000648019231168571"
"41-005-0301","Arsenic Pm10 Lc","45.4600982666016","-122.612503051758","Portland","","Commercial","","Milwukie Johnson Cr.","meanRos_ug_m3","No","Undetermined","Oregon","Suburban","","No","Arsenic","","","","","","","","","","","","","","0.000566271187900039","","","","",""
"41-009-0004","Arsenic Pm10 Lc","45.7685317993164","-122.772102355957","Not In A City","","Agricultural","","SAUVIE ISLAND-SIS","meanRos_ug_m3","No","Undetermined","Oregon","Rural","SAUVIE ISLAND-SIS","No","Arsenic","","","","","0.000881401278020348","","","","","","","","","","","","","",""
"41-017-0123","Arsenic Pm10 Lc","44.0547981262207","-121.29419708252","Bend","","Residential","","","meanRos_ug_m3","No","Undetermined","Oregon","Urban And Center City","","No","Arsenic","","","","","","","","","","","","","","","","","","","0.000138866667066395"
"41-029-0133","Arsenic Pm10 Lc","42.3141098022461","-122.87922668457","Medford","","Residential","","Medford - Grant & Belmont Sts. (MGB)","meanRos_ug_m3","No","Undetermined","Oregon","Urban And Center City","Medford - Grant & Belmont Sts. (MGB)","No","Arsenic","","","","","","0.000545376305968535","0.000589430214192059","0.000372802496832399","","","","","","","","","","",""
"41-029-1001","Arsenic Pm10 Lc","42.5359573364258","-122.876152038574","Central Point","","Agricultural","","","meanRos_ug_m3","No","Undetermined","Oregon","Rural","","No","Arsenic","","","","","","0.000272805054083693","","","","","","","","","","","","",""
"41-029-2129","Arsenic Pm10 Lc","42.3315505981445","-122.880264282227","Medford","","Residential","","Medford, Welch and Jackson.","meanRos_ug_m3","No","Undetermined","Oregon","Urban And Center City","Medford, Welch and Jackson.","No","Arsenic","","","","","","","","","","0.000454644075080839","","","","","","","0.00037279661132666","0.00051050000025577","0.000351913794318158"
"41-035-0004","Arsenic Pm10 Lc","42.1902961730957","-121.731369018555","Klamath Falls","","Residential","","PETERSON ELEM","meanRos_ug_m3","No","Undetermined","Oregon","Suburban","Klamath Falls - Peterson School","No","Arsenic","","","","","","","","","0.000225777448940186","","","","","","","","","",""
"41-039-0059","Arsenic Pm10 Lc","44.0672225952148","-123.14134979248","Eugene","","Residential","","Eugene - Hwy 99 (E99)","meanRos_ug_m3","No","Undetermined","Oregon","Urban And Center City","Eugene - Hwy 99 (E99)","No","Arsenic","","","","","","","","","","","","","","","","0.000690357137327304","0.00084586440468645","0.000722885247833786","0.000421400001182014"
"41-039-0060","Arsenic Pm10 Lc","44.0263137817383","-123.083740234375","Eugene","","Residential","","Eugene - AMAZON PARK (EAP)","meanRos_ug_m3","No","Decreasing","Oregon","Urban And Center City","Eugene - AMAZON PARK (EAP)","No","Arsenic","","0.000680805107094784","0.000724815701570122","0.000660137216919824","0.000608850581176189","0.000544169736207954","","0.000738572947652539","","","","","","","","0.000441926829630464","0.000637559321194974","0.000494450003861857","0.000321599997065884"
"41-039-0062","Arsenic Pm10 Lc","44.0728988647461","-123.161499023438","Eugene","","Residential","","","meanRos_ug_m3","No","Undetermined","Oregon","Urban And Center City","","No","Arsenic","","","","","","","","0.000556353614652031","","","","","","","","","","",""
"41-047-0041","Arsenic Pm10 Lc","44.943115234375","-123.005935668945","Salem","","Residential","","Salem - State Hospital","meanRos_ug_m3","No","Undetermined","Oregon","Urban And Center City","Salem - State Hospital","No","Arsenic","","","","","","","0.000812951474743609","","","","","","","","","","","",""
"41-051-0030","Arsenic Pm10 Lc","45.4974212646484","-122.674667358398","Portland","","Residential","","","meanRos_ug_m3","No","Undetermined","Oregon","Suburban","","No","Arsenic","","","0.00106114545007841","","","","","","","","","","","","","","","",""
"41-051-0080","Arsenic Pm10 Lc","45.496639251709","-122.602874755859","Portland","","Residential","","Portland - SE Lafayette","meanRos_ug_m3","No","Undetermined","Oregon","Suburban","Portland - SE Lafayette","No","Arsenic","","0.00164222741709547","0.00132601921383563","","","","","","","","","","","","","","","",""
"41-051-0100","Arsenic Pm10 Lc","45.4971084594727","-122.642311096191","Portland","","Commercial","","Portland Powell and twenty second","meanRos_ug_m3","No","Undetermined","Oregon","Urban And Center City","","No","Arsenic","","","","","","","","","","","","","","0.000703778655309434","","","","",""
"41-051-0101","Arsenic Pm10 Lc","45.4939498901367","-122.642822265625","Portland","","Commercial","","Portland Day Care","meanRos_ug_m3","No","Undetermined","Oregon","Urban And Center City","","No","Arsenic","","","","","","","","","","","","","","0.000965501948290687","","","","",""
"41-051-0102","Arsenic Pm10 Lc","45.4950103759766","-122.649642944336","Portland","","Residential","","Portland Winterhaven Elementary School","meanRos_ug_m3","No","Undetermined","Oregon","Urban And Center City","","No","Arsenic","","","","","","","","","","","","","","0.000454722827034066","","","","",""
"41-051-0103","Arsenic Pm10 Lc","45.4979400634766","-122.645278930664","Portland","","Commercial","","Portland Haight and 20th","meanRos_ug_m3","No","Undetermined","Oregon","Urban And Center City","","No","Arsenic","","","","","","","","","","","","","","0.000659308823314324","","","","",""
"41-051-0244","Arsenic Pm10 Lc","45.5349998474121","-122.698890686035","Portland","","Commercial","","UATMP: PNW","meanRos_ug_m3","No","Undetermined","Oregon","Urban And Center City","SE CORNER OF P.O. PARKING LOT AND SW CORNER OF NEIGHBORING BUILDING","No","Arsenic","","0.00103925741764808","0.000933047973006269","","","","","","","","","","","","","","","",""
"41-051-0300","Arsenic Pm10 Lc","45.4630928039551","-122.610626220703","Portland","","Residential","","Portland Harney Dr","meanRos_ug_m3","No","Undetermined","Oregon","Suburban","","No","Arsenic","","","","","","","","","","","","","","0.000557097435916941","","","","",""
"41-051-2001","Arsenic Pm10 Lc","45.5771751403809","-122.717750549316","Portland","","Residential","","PNS","meanRos_ug_m3","No","Undetermined","Oregon","Urban And Center City","PNS","No","Arsenic","","","","","","","","","","","","","0.000738333337600731","","","","","",""
"41-051-2007","Arsenic Pm10 Lc","45.5999069213867","-122.758361816406","Portland","","Residential","","Sitton Elementary","meanRos_ug_m3","No","Undetermined","Oregon","Urban And Center City","Sitton Elementary","No","Arsenic","","","","","","","","","","","","","0.000803150006686337","","","","","",""
"41-051-2008","Arsenic Pm10 Lc","45.5119857788086","-122.482032775879","Gresham","","Residential","","","meanRos_ug_m3","No","Undetermined","Oregon","Suburban","","No","Arsenic","","","","","","","","","","","","","","","0.0011313620677262","","","",""
"41-051-2009","Arsenic Pm10 Lc","45.4626846313477","-122.615097045898","Portland","","Residential","","","meanRos_ug_m3","No","Undetermined","Oregon","Suburban","","No","Arsenic","","","","","","","","","","","","","","0.000646471340216846","0.00062616463490086","","","",""
"41-051-2010","Arsenic Pm10 Lc","45.5580787658691","-122.67098236084","Portland","Portland, OR","Residential","Urban","","meanRos_ug_m3","Yes","Decreasing","Oregon","Urban And Center City","","Yes","Arsenic","","0.00178138224999139","0.00174953478341133","0.00145574865552286","0.00147098305452736","0.00105538044393721","0.000920430392752524","0.000781295850940392","0.000934897423761313","0.00100081897020071","0.00103094355114492","0.000718899995930163","0.000912076263514375","","0.000738866656401014","0.00072055737467456","0.000701680321369958","0.000601216667079522","0.000436573766375927"
"41-051-2011","Arsenic Pm10 Lc","45.5625","-122.57527923584","Portland","","Residential","","Portland Cully Helensview School (PCH)","meanRos_ug_m3","No","Undetermined","Oregon","Rural","Portland Cully Helensview School (PCH)","No","Arsenic","","","","","","","","","","","","","","","","0.000926871801941441","0.00146870454839452","0.000860474566298624","0.000719750000765392"
"41-061-0123","Arsenic Pm10 Lc","45.3235015869141","-118.077796936035","La Grande","La Grande Hall, OR","Residential","Rural","UATMP: LAOR; NATTS: La Grande, OR","meanRos_ug_m3","Yes","No Trend","Oregon","Rural","La Grande Hall and N St. (LHN)","Yes","Arsenic","","0.000350574175323951","0.000336249246235335","0.000235489901538601","0.000197495748839823","0.000212185282625975","0.000145278236746924","0.000137634825511702","0.000166052345491181","0.000186810344969452","0.000220693542125387","0.000249833332539614","0.000214283331479237","0.000158416667575996","0.000162107143004115","0.000238114751810513","0.000229983607525474","0.000157448277009123","0.000209689654325459"
"41-065-0008","Arsenic Pm10 Lc","45.5983848571777","-121.184226989746","The Dalles","","Residential","","","meanRos_ug_m3","No","Undetermined","Oregon","Rural","","No","Arsenic","","","","","","","","","","","","","","","","0.000263545453559676","","",""
"41-067-0004","Arsenic Pm10 Lc","45.5284996032715","-122.972396850586","Hillsboro","","Residential","","Hillsboro - Hare Field","meanRos_ug_m3","No","No Trend","Oregon","Suburban","Hillsboro - Hare Field","No","Arsenic","","","","","","","","","","","0.000983428558941211","0.000819016389272531","","","","","0.000868157897473378","0.000812099990677477","0.00040253333451498"
"41-067-0005","Arsenic Pm10 Lc","45.393497467041","-122.747894287109","Tualatin","","Commercial","","Tualatin Bradbury Court (TBC) - Near Road Site","meanRos_ug_m3","No","Undetermined","Oregon","Suburban","Tualatin Bradbury Court (TBC) - Near Road Site","No","Arsenic","","","","","","","","","","","","","","","","","0.000836479999561561","0.000730316672828243","0.000662869557345402"
"41-067-0111","Arsenic Pm10 Lc","45.4701919555664","-122.816413879395","Beaverton","","Residential","","Beaverton - Highland Park","meanRos_ug_m3","No","Undetermined","Oregon","Urban And Center City","Beaverton - Highland Park","No","Arsenic","","","0.0010202307267305","","","","","","","","","","","","","","","",""
"42-003-0008","Arsenic Pm10 Lc","40.4654197692871","-79.9607543945313","Pittsburgh","Pittsburgh, PA","Commercial","Urban","NATTS: PITT; IMPROVE: PITT1; Lawrenceville","meanRos_ug_m3","No","Undetermined","Pennsylvania","Suburban","Lawrenceville","Yes","Arsenic","","","","","","","","","","","","","","","","","","","0.00124985517272605"
"42-007-0007","Arsenic Pm10 Lc","40.673656463623","-80.3177337646484","Beaver","","Commercial","","","meanRos_ug_m3","No","Undetermined","Pennsylvania","Suburban","","No","Arsenic","","","","","","","","","","","","","","","","0.000933816134132559","0.000850586407364482","",""
"42-007-0035","Arsenic Pm10 Lc","40.64501953125","-80.5083923339844","Glasgow","","Industrial","","","meanRos_ug_m3","No","Undetermined","Pennsylvania","Suburban","","No","Arsenic","","","","","","","","","","","","","","","","0.00125979916619451","0.000936702554355612","0.00158244067049413",""
"42-025-0217","Arsenic Pm10 Lc","40.8124885559082","-75.6059417724609","","","Residential","","","meanRos_ug_m3","No","Undetermined","Pennsylvania","Suburban","","No","Arsenic","","","","","","","","","","","","","","","","","","0.000958746958324183","0.000851036778839822"
"42-025-0300","Arsenic Pm10 Lc","40.813289642334","-75.5697937011719","Lower Towamensing Township","","Industrial","","PALMERTON ELECTRIC","meanRos_ug_m3","No","Undetermined","Pennsylvania","","PALMERTON ELECTRIC","No","Arsenic","","","","","","","","","","","","","","","0.000818782803785227","0.000777585059661738","0.000920094517250934","0.000995819197229362",""
"42-045-0002","Arsenic Pm10 Lc","39.8355560302734","-75.3724975585938","Chester","","Industrial","","A420450002LAT/LON POINT IS OF CORNER OF TRAILER","meanRos_ug_m3","No","Undetermined","Pennsylvania","Urban And Center City","A420450002LAT/LON POINT IS OF CORNER OF TRAILER","No","Arsenic","","","","","","","","","","","","","","","","0.00062034705718698","0.000736883293552044","",""
"42-071-0007","Arsenic Pm10 Lc","40.0466651916504","-76.283332824707","Lancaster City","","Industrial","","A420710007LAT/LON POINT AT CORNER OF TRAILER","meanRos_ug_m3","No","Undetermined","Pennsylvania","Suburban","A420710007LAT/LON POINT AT CORNER OF TRAILER","No","Arsenic","","","","","","","","","","","","","","","","0.000762075613116558","0.00124848162148461","0.0012239944933205","0.000993365667402909"
"42-073-0011","Arsenic Pm10 Lc","40.8600311279297","-80.2790908813477","Ellwood City","","Industrial","","","meanRos_ug_m3","No","Undetermined","Pennsylvania","Urban And Center City","","No","Arsenic","","","","","","","","","","","","","","","0.00128580334904666","0.00092119306681484","0.00126739339203013","",""
"42-119-0001","Arsenic Pm10 Lc","40.9551696777344","-76.8818893432617","Lewisburg","","Residential","","","meanRos_ug_m3","No","Undetermined","Pennsylvania","Suburban","","No","Arsenic","","","","","","","","","","","","","","","","0.000570715418622568","","",""
"44-007-0022","Arsenic Pm10 Lc","41.8077774047852","-71.4151077270508","Providence","Providence, RI","Residential","Urban","UATMP: PRRI; NATTS: Providence, RI; PILOT CITY: Urban League","meanRos_ug_m3","No","No Trend","Rhode Island","Urban And Center City","Urban League BUILDING ROOFTOP","Yes","Arsenic","","","","","","0.000536487292265519","0.00125124135871951","0.000482581158563126","0.000370698853056579","0.000445006729785604","0.000510504452710342","0.000498675107811978","0.000575616092384611","0.000408923136570467","0.000529621296001266","0.000427753760158015","0.000489811806210925","0.000596471269676902","0.000470345110086309"
"45-025-0001","Arsenic Pm10 Lc","34.6153678894043","-80.1987915039063","Mcbee","Chesterfield, SC","Forest","Rural","UATMP: CHSC; NATTS: Chesterfield, SC","meanRos_ug_m3","Yes","Decreasing","South Carolina","Rural","CHESTERFIELD","Yes","Arsenic","","0.000640433109219437","0.000654118374707953","0.0006354940638191","0.000665583413600393","0.000704275001468583","0.000779502131142268","0.00171621281302194","0.000380483333477362","0.000371853446256017","0.000849449162206699","0.000491705356840352","0.000331660713819864","0.000493075000364721","0.000405366831485784","0.000375933333634748","0.000458166668128494","0.000490699999803231","0.000416015872259676"
"47-145-1001","Arsenic Pm10 Lc","35.9167594909668","-84.5036239624023","Kingston","","Agricultural","","TVA Fly ash spill site","meanRos_ug_m3","No","Undetermined","Tennessee","Rural","TVA Fly ash spill site","No","Arsenic","","","","","","","0.000659246923040722","0.000909227679233027","0.00198378606085274","","","","","","","","","",""
"48-139-0017","Arsenic Pm10 Lc","32.4736099243164","-97.0425033569336","Midlothian","","Residential","","WEST OF WARD & WYATT RD. INTERSECTION","meanRos_ug_m3","No","Undetermined","Texas","Rural","WEST OF WARD & WYATT RD. INTERSECTION","No","Arsenic","0.0119497327271987","","","","","","","","","","","","","","","","","",""
"48-141-0041","Arsenic Pm10 Lc","31.7605381011963","-106.500450134277","El Paso","","Residential","","NE OF LAWTON & W. MISSOURI INTERSECTION","meanRos_ug_m3","No","Undetermined","Texas","Suburban","NE OF LAWTON & W. MISSOURI INTERSECTION","No","Arsenic","0.00309928648318325","","","","","","","","","","","","","","","","","",""
"48-201-1035","Arsenic Pm10 Lc","29.7337265014648","-95.2575912475586","Houston","","Industrial","","Clinton","meanRos_ug_m3","No","Decreasing","Texas","Urban And Center City","Clinton","No","Arsenic","0.0118076289484722","0.0104044715563456","0.00800774694897798","0.00807622349044929","0.00807226621703703","0.0080923899076879","0.00813973824955335","0.00407239979841123","0.00303259458038762","0.00143927368153858","0.00160737966495729","0.00123942031299895","0.00163733698161917","0.00168134270763156","","","","",""
"48-201-1039","Arsenic Pm10 Lc","29.6700248718262","-95.1285095214844","Deer Park","Houston, TX","Residential","Urban","UATMP: CAMS 35; NATTS: Houston, TX; IMPROVE: HOUS1","meanRos_ug_m3","No","No Trend","Texas","Urban And Center City","Houston Deer Park #2","Yes - Former","Arsenic","0.0115679724969798","0.0055146472937017","0.00134010123251498","0.0012898779283701","0.00173290982969444","0.00143788869380452","0.00116958226038453","0.00115193459313852","0.000977146757213632","0.00130719292822311","0.0013916242864607","0.00148249026552183","0.00143651142789167","0.00124371842553717","0.00128800044072026","","","",""
"48-203-0002","Arsenic Pm10 Lc","32.6689872741699","-94.1674575805664","Not In A City","Karnack, TX","Agricultural","Rural","UATMP: CAMS 85; NATTS: Karnack, TX","meanRos_ug_m3","No","No Trend","Texas","Rural","Karnack","Yes - Former","Arsenic","","0.000591267265646936","0.00055141808371174","0.000627505043909575","0.000581922996157812","0.000596019357513889","0.000723751318960071","0.000586500107971715","0.000506386903725797","0.000674142775035037","0.000411422975330738","0.00050320948697674","0.000593143645516139","0.000487363880028334","0.000499013959716177","","","",""
"49-011-0004","Arsenic Pm10 Lc","40.9029655456543","-111.884468078613","Bountiful","Bountiful, UT","Residential","Urban","UATMP: BTUT; NATTS: Bountiful, UT","meanRos_ug_m3","Yes","No Trend","Utah","Suburban","Bountiful Viewmont","Yes","Arsenic","","0.00257465423529206","0.000870551371609524","0.000648424794925286","0.000969464940441723","0.000606095893401794","0.00104085819242675","0.000555795174801399","0.000539775076252831","0.000429299053325089","0.000913795728855017","0.000708645708630211","0.000632099426502513","0.000701032298225486","0.000930550468308803","0.000829408829449676","0.000546524502519438","0.000745964409397968","0.000612881066687502"
"50-007-0007","Arsenic Pm10 Lc","44.5283889770508","-72.8688430786133","Underhill","Underhill, VT","Forest","Rural","UATMP: UNVT; NATTS: Underhill, VT; IMPROVE:PMRF1; NADP: VT99","meanRos_ug_m3","Yes","No Trend","Vermont","Rural","PROCTOR MAPLE RESEARCH CTR","Yes","Arsenic","","0.000333982762420984","0.000279932203507781","0.000239293103982947","0.000264870368415291","0.000244661018075283","0.000237833332842759","0.000212086802675086","0.000253971535360213","0.00025155485342913","0.000286858759113902","0.000214426638218425","0.000303440480170788","0.000252532787033219","0.000307016663888741","0.000204942621763382","0.000179021571847074","0.000261905868456812",""
"50-007-0014","Arsenic Pm10 Lc","44.4762001037598","-73.2106018066406","Burlington","","Commercial","","UATMP: BURVT","meanRos_ug_m3","No","Undetermined","Vermont","Urban And Center City","City of Burlington Parking Lot","No","Arsenic","","","","","","","","","","","","","","","","","0.000304548385752095","0.000504645159620146",""
"50-021-0002","Arsenic Pm10 Lc","43.6080551147461","-72.982780456543","Rutland","","Commercial","","UATMP: RUVT","meanRos_ug_m3","No","Undetermined","Vermont","Urban And Center City","State of Vermont District Court Parking Lot","No","Arsenic","","","","","","","","","","","","","","","0.000352382350041914","0.000377160000352887","0.000354500004505098","0.000399974358748668",""
"51-087-0014","Arsenic Pm10 Lc","37.5565185546875","-77.4002685546875","Not In A City","Richmond, VA","Residential","Urban","UATMP: RIVA; NATTS: Richmond, VA","meanRos_ug_m3","No","No Trend","Virginia","Suburban","MathScience Innovation Center","Yes","Arsenic","","","","","","","0.000730183333629005","0.000744426234736924","0.000715540842620766","0.000843666661239695","0.000739166671458709","0.000647966101665989","0.000836440681685078","0.000829406771133062","0.00076603166720209","0.000697033334290609","0.000833305086293337","0.000888793094669256","0.000737216662916277"
"53-011-0030","Arsenic Pm10 Lc","45.6416816711426","-122.68123626709","Vancouver","","Residential","","","meanRos_ug_m3","No","Undetermined","Washington","Suburban","","No","Arsenic","","","0.00102914355970411","","","","","","","","","","","","","","","",""
"53-015-0006","Arsenic Pm10 Lc","46.1192779541016","-122.947059631348","Longview","","Commercial","","","meanRos_ug_m3","No","Undetermined","Washington","Urban And Center City","","No","Arsenic","","0.000922977977835045","","","","","","","","","","","","","","","","",""
"53-033-0030","Arsenic Pm10 Lc","47.5972213745117","-122.319725036621","Seattle","","Blighted Areas","","Seattle-10th & Weller","meanRos_ug_m3","No","Undetermined","Washington","Urban And Center City","Seattle-10th & Weller","No","Arsenic","","","","","","","","","","","","","","","0.000780044451433544","","","",""
"53-033-0080","Arsenic Pm10 Lc","47.5682373046875","-122.308624267578","Seattle","Seattle, WA","Residential","Urban","UATMP: SEWA; NATTS: Seattle, WA; IMPROVE: PUSO1; PILOT CITY: Beacon Hill","meanRos_ug_m3","Yes","Decreasing","Washington","Urban And Center City","SEATTLE - BEACON HILL","Yes","Arsenic","0.000737762662886761","0.00104971849152392","0.00106920796202221","","0.000796449445867135","0.000728413397003654","0.000743594878859782","0.000608316463356083","0.000696912031195157","0.000702423873254871","0.000786333341481319","0.00059880000336913","0.000771431035712434","0.000596068965588247","0.000685306668553191","0.000581240791449856","0.000727708744398115","0.000726841996365692","0.000510011840034215"
"53-063-0016","Arsenic Pm10 Lc","47.6607437133789","-117.358123779297","Spokane","","Commercial","","SPOKANE - FERRY ST; CROWN ZELLERBACH","meanRos_ug_m3","No","Undetermined","Washington","Suburban","SPOKANE - FERRY ST","No","Arsenic","","","0.00139246442825727","","","","","","","","","","","","","","","",""
"53-063-0050","Arsenic Pm10 Lc","47.6954460144043","-117.370300292969","Spokane","","Commercial","","SCHOOL DISTRICT 81","meanRos_ug_m3","No","Undetermined","Washington","Urban And Center City","DISTRICT 81","No","Arsenic","","","0.000916555446847583","","","","","","","","","","","","","","","",""
"53-063-0052","Arsenic Pm10 Lc","47.6651229858398","-117.429092407227","Spokane","","Commercial","","HEALTH DISTRICT","meanRos_ug_m3","No","Undetermined","Washington","Urban And Center City","","No","Arsenic","","","0.000521348890149473","","","","","","","","","","","","","","","",""
"53-063-0053","Arsenic Pm10 Lc","47.682201385498","-117.304801940918","Spokane","","Residential","","FELTS FIELD AIRPORT","meanRos_ug_m3","No","Undetermined","Washington","Urban And Center City","","No","Arsenic","","","0.000752837061107561","","","","","","","","","","","","","","","",""
"54-029-0008","Arsenic Pm10 Lc","40.6157188415527","-80.5599975585938","Chester","","Residential","","CHESTER","meanRos_ug_m3","No","Undetermined","West Virginia","Suburban","","No","Arsenic","","","","","","","","","","","","","","0.00174576713172241","0.00151588464347592","0.00133724999905098","0.00156173911502423","",""
"55-027-0001","Arsenic Pm10 Lc","43.4661102294922","-88.6211090087891","Mayville/Horicon","Horicon, WI","Agricultural","Rural","UATMP: MVWI/HOWI; NATTS: Mayville/Horicon, WI","meanRos_ug_m3","Yes","No Trend","Wisconsin","Rural","HORICON WILDLIFE AREA","Yes - Former","Arsenic","","","0.000828258116458668","0.000774365935870134","0.000651939104021036","0.000610731221264183","0.000550230870002826","0.000587201948451765","0.000590091131571325","0.000546644875915566","0.000598287578083857","0.000563168927269022","0.00068268635626078","0.000601622843586979","0.000544284495012784","0.000696938650079228","0.000508541533852094","0.00069579024354122","0.00052495074505714"
"55-079-0010","Arsenic Pm10 Lc","43.0166664123535","-87.9333343505859","Milwaukee","","Commercial","","HEALTH CENTER","meanRos_ug_m3","No","No Trend","Wisconsin","Urban And Center City","MILWAUKEE - SIXTEENTH ST. HEALTH CENTER","No","Arsenic","","","","","","0.000927291018185848","0.000773159867614075","0.00112239413127619","0.000802532156133869","","0.00076563600626763","0.000966260408555778","0.000941510657347473","0.00107494947539332","0.000896809220980137","0.000925215553147833","0.000689497212233156","","0.000811520828392531"
