"site_id","parameter_desc","latitude","longitude","city_name","location","land_use_type","setting","site_name","stat","used_in_nat_agg","trend","state_name","city_name","location_setting","local_site_name","natts","toxic_name_alias","2005","2006","2007","2008","2009","2010","2011","2012","2016","2017","2018"
"01-073-2003","Chromium VI (LC)","33.499722","-86.924167","BIRMINGHAM","","RESIDENTIAL","","Wylam","meanRos_ug_m3","No","Undetermined","Alabama","Birmingham","Suburban","Wylam","No","Chromium","","","","","","","","","","","0.00248946058024369"
"06-001-1001","Chromium VI (LC)","37.535833","-121.961823","Fremont","","RESIDENTIAL","","Fremont - Chapel Way","meanRos_ug_m3","No","Undetermined","California","Fremont","Suburban","Fremont - Chapel Way","No","Chromium","","","","","","","","","","",""
"06-007-0002","Chromium VI (LC)","39.757371","-121.843286","Chico","","COMMERCIAL","","468 MANZANITA AVE, CHICO","meanRos_ug_m3","No","Undetermined","California","Not in a city","Suburban","Chico-Manzanita Ave.","No","Chromium","","","","","","","","","","",""
"06-007-0008","Chromium VI (LC)","39.761538","-121.84162","Chico","","COMMERCIAL","","Chico - East Avenue","meanRos_ug_m3","No","Undetermined","California","Chico","Suburban","Chico-East Avenue","No","Chromium","","","","","","","","","","",""
"06-013-0002","Chromium VI (LC)","37.936013","-122.026154","CONCORD","","RESIDENTIAL","","Concord","meanRos_ug_m3","No","Undetermined","California","Concord","Suburban","Concord","No","Chromium","","","","","","","","","","",""
"06-013-0003","Chromium VI (LC)","37.949924","-122.357193","RICHMOND","","COMMERCIAL","","Richmond-13th St.","meanRos_ug_m3","No","Undetermined","California","Richmond","Suburban","Richmond-13th St.","No","Chromium","","","","","","","","","","",""
"06-013-1003","Chromium VI (LC)","37.9642","-122.3403","SAN PABLO","","COMMERCIAL","","San Pablo - El Portal Center","meanRos_ug_m3","No","Undetermined","California","San Pablo","Urban And Center City","San Pablo - El Portal Center","No","Chromium","","","","","","","","","","",""
"06-019-0008","Chromium VI (LC)","36.781333","-119.77319","Fresno","","RESIDENTIAL","","PM Supersite: Fresno","meanRos_ug_m3","No","Undetermined","California","Fresno","Suburban","3425 N FIRST ST, FRESNO","No","Chromium","","","","","","","","","","",""
"06-019-0011","Chromium VI (LC)","36.785322","-119.774174","Fresno","","COMMERCIAL","","Fresno - Garland","meanRos_ug_m3","No","Undetermined","California","Fresno","Urban And Center City","Fresno - Garland","No","Chromium","","","","","","","","","","6.86821844904029e-05",""
"06-025-0005","Chromium VI (LC)","32.676186","-115.484144","Calexico","","RESIDENTIAL","","CALEXICO HIGH SCHOOL  ARB (#1300698)","meanRos_ug_m3","No","Undetermined","California","Calexico","Suburban","Calexico-Ethel Street","No","Chromium","","","","","","","","","","6.57571075726068e-05",""
"06-029-0004","Chromium VI (LC)","35.374959","-119.022602","BAKERSFIELD","","RESIDENTIAL","","Bakersfield-Chester Ave.","meanRos_ug_m3","No","Undetermined","California","Bakersfield","Urban And Center City","Bakersfield-Chester Ave.","No","Chromium","","","","","","","","","","",""
"06-029-0014","Chromium VI (LC)","35.356601","-119.063542","Bakersfield","","MOBILE","","Bakersfield-California Avenue","meanRos_ug_m3","No","Undetermined","California","Bakersfield","Urban And Center City","Bakersfield-California","No","Chromium","","","","","","","","","","4.89853997174397e-05",""
"06-037-0002","Chromium VI (LC)","34.1365","-117.92391","Azusa","","RESIDENTIAL","","Azusa","meanRos_ug_m3","No","Undetermined","California","Azusa","Suburban","Azusa","No","Chromium","","","","","","","","","","0.000105303591619175",""
"06-037-1002","Chromium VI (LC)","34.17605","-118.31712","BURBANK","","COMMERCIAL","","MATES: Burbank","meanRos_ug_m3","No","Undetermined","California","Burbank","Urban And Center City","Burbank","No","Chromium","","","","","","","","","","",""
"06-037-4002","Chromium VI (LC)","33.82376","-118.18921","Long Beach","","RESIDENTIAL","","UATMP: LBHCA; MATES: North Long Beach","meanRos_ug_m3","No","Undetermined","California","Long Beach","Suburban","Long Beach (North)","No","Chromium","","","","","","","","","","",""
"06-037-CA02","Chromium VI (LC)","33.8935138888889","-118.157091666667","ASSIGN","","","","ASSIGN","meanRos_ug_m3","No","Undetermined","California","ASSIGN","","ASSIGN","No","Chromium","","","","","","","","","0.000415974576353003","0.000298803418406592","0.000637073171807371"
"06-037-CA03","Chromium VI (LC)","33.8961527777778","-118.158144444444","ASSIGN","","","","ASSIGN","meanRos_ug_m3","No","Undetermined","California","ASSIGN","","ASSIGN","No","Chromium","","","","","","","","","0.0001518965534066","0.000241666665867039",""
"06-037-CA08","Chromium VI (LC)","33.8905972222222","-118.165297222222","ASSIGN","","","","ASSIGN","meanRos_ug_m3","No","Undetermined","California","ASSIGN","","ASSIGN","No","Chromium","","","","","","","","","","0.000692000000970438","0.000439830510682225"
"06-037-CA11","Chromium VI (LC)","33.8893361111111","-118.166877777778","ASSIGN","","","","ASSIGN","meanRos_ug_m3","No","Undetermined","California","ASSIGN","","ASSIGN","No","Chromium","","","","","","","","","","0.000596551723117892","0.000304521739536026"
"06-037-CA13","Chromium VI (LC)","33.8972527777778","-118.173086111111","ASSIGN","","","","ASSIGN","meanRos_ug_m3","No","Undetermined","California","ASSIGN","","ASSIGN","No","Chromium","","","","","","","","","","0.000470102041450743",""
"06-037-CA14","Chromium VI (LC)","33.8904222222222","-118.169469444444","ASSIGN","","","","ASSIGN","meanRos_ug_m3","No","Undetermined","California","ASSIGN","","ASSIGN","No","Chromium","","","","","","","","","","0.000594537818357798","0.000322982456182536"
"06-037-CA15","Chromium VI (LC)","33.8909","-118.168913888889","ASSIGN","","","","ASSIGN","meanRos_ug_m3","No","Undetermined","California","ASSIGN","","ASSIGN","No","Chromium","","","","","","","","","","0.000729120001953561","0.00064765217438158"
"06-037-CA16","Chromium VI (LC)","33.8920055555556","-118.169291666667","ASSIGN","","","","ASSIGN","meanRos_ug_m3","No","Undetermined","California","ASSIGN","","ASSIGN","No","Chromium","","","","","","","","","","0.000303596491504689","0.000297155177357691"
"06-037-CA18","Chromium VI (LC)","33.8905666666667","-118.162530555556","ASSIGN","","","","ASSIGN","meanRos_ug_m3","No","Undetermined","California","ASSIGN","","ASSIGN","No","Chromium","","","","","","","","","","0.000586060607020045",""
"06-037-CA19","Chromium VI (LC)","33.8911416666667","-118.166738888889","ASSIGN","","","","ASSIGN","meanRos_ug_m3","No","Undetermined","California","ASSIGN","","ASSIGN","No","Chromium","","","","","","","","","","0.00079153845792897","0.000402168678521271"
"06-037-CA21","Chromium VI (LC)","33.8986583333333","-118.163380555556","ASSIGN","","","","ASSIGN","meanRos_ug_m3","No","Undetermined","California","ASSIGN","","ASSIGN","No","Chromium","","","","","","","","","","0.000578804348586583",""
"06-037-CA23","Chromium VI (LC)","33.8911055555556","-118.164213888889","ASSIGN","","","","ASSIGN","meanRos_ug_m3","No","Undetermined","California","ASSIGN","","ASSIGN","No","Chromium","","","","","","","","","","0.00095405660143132","0.00081975610298353"
"06-037-CA24","Chromium VI (LC)","33.8848222222222","-118.166458333333","ASSIGN","","","","ASSIGN","meanRos_ug_m3","No","Undetermined","California","ASSIGN","","ASSIGN","No","Chromium","","","","","","","","","","0.00082202247575153",""
"06-037-CA25","Chromium VI (LC)","33.8836972222222","-118.166047222222","ASSIGN","","","","ASSIGN","meanRos_ug_m3","No","Undetermined","California","ASSIGN","","ASSIGN","No","Chromium","","","","","","","","","","0.000391553400281604","0.000271785720152755"
"06-037-CA27","Chromium VI (LC)","33.8854305555556","-118.1652","ASSIGN","","","","ASSIGN","meanRos_ug_m3","No","Undetermined","California","ASSIGN","","ASSIGN","No","Chromium","","","","","","","","","","0.000851176470785183",""
"06-037-CA28","Chromium VI (LC)","33.8844638888889","-118.165461111111","ASSIGN","","","","ASSIGN","meanRos_ug_m3","No","Undetermined","California","ASSIGN","","ASSIGN","No","Chromium","","","","","","","","","","0.000651851850745044",""
"06-037-CA29","Chromium VI (LC)","33.8961222222222","-118.16265","ASSIGN","","","","ASSIGN","meanRos_ug_m3","No","Undetermined","California","ASSIGN","","ASSIGN","No","Chromium","","","","","","","","","","0.000759066667912217","0.000244444448219286"
"06-037-CA38","Chromium VI (LC)","33.88","-118.155555555556","ASSIGN","","","","ASSIGN","meanRos_ug_m3","No","Undetermined","California","ASSIGN","","ASSIGN","No","Chromium","","","","","","","","","","","0.000327521362854367"
"06-037-CS01","Chromium VI (LC)","33.9123306274414","-118.222007751465","COMPTON","","","","Site #1C","meanRos_ug_m3","No","Undetermined","California","COMPTON","","Site #1C","No","Chromium","","","","","","","","","","0.00098584077311577","0.000528323125363386"
"06-037-CS02","Chromium VI (LC)","33.9126739501953","-118.219955444336","COMPTON","","","","Site #2C","meanRos_ug_m3","No","Undetermined","California","COMPTON","","Site #2C","No","Chromium","","","","","","","","","","0.00100952789142721","0.000526727959544746"
"06-037-CS03","Chromium VI (LC)","33.9129180908203","-118.217079162598","COMPTON","","","","Site #3C","meanRos_ug_m3","No","Undetermined","California","COMPTON","","Site #3C","No","Chromium","","","","","","","","","","0.000909677022665325",""
"06-037-CS04","Chromium VI (LC)","33.9095306396484","-118.219024658203","COMPTON","","","","Site #4C","meanRos_ug_m3","No","Undetermined","California","COMPTON","","Site #4C","No","Chromium","","","","","","","","","","0.00065007677400913",""
"06-037-CS05","Chromium VI (LC)","33.909481048584","-118.217956542969","COMPTON","","","","Site #5C","meanRos_ug_m3","No","Undetermined","California","COMPTON","","Site #5C","No","Chromium","","","","","","","","","","0.000793686937518382","0.000677182747057048"
"06-037-CS07","Chromium VI (LC)","33.911304473877","-118.225303649902","COMPTON","","","","Site #7C","meanRos_ug_m3","No","Undetermined","California","COMPTON","","Site #7C","No","Chromium","","","","","","","","","","","0.000354677343493677"
"06-037-CS08","Chromium VI (LC)","33.9214401245117","-118.223518371582","COMPTON","","","","Site #8C","meanRos_ug_m3","No","Undetermined","California","COMPTON","","Site #8C","No","Chromium","","","","","","","","","","","0.000347140383564692"
"06-037-CS09","Chromium VI (LC)","33.9172401428223","-118.223083496094","COMPTON","","","","Site #9C","meanRos_ug_m3","No","Undetermined","California","COMPTON","","Site #9C","No","Chromium","","","","","","","","","","","0.000678446416015798"
"06-037-CS11","Chromium VI (LC)","33.9178222222222","-118.224186111111","ASSIGN","","","","Site #11C","meanRos_ug_m3","No","Undetermined","California","ASSIGN","","Site #11C","No","Chromium","","","","","","","","","","","0.000405498422846636"
"06-037-CS12","Chromium VI (LC)","33.9184805555556","-118.220511111111","ASSIGN","","","","Site #12C","meanRos_ug_m3","No","Undetermined","California","ASSIGN","","Site #12C","No","Chromium","","","","","","","","","","","0.000331894586410768"
"06-037-GAI1","Chromium VI (LC)","33.8842861","-118.1703","ASSIGN","","","","Gaines 1","meanRos_ug_m3","No","Undetermined","California","ASSIGN","","Gaines 1","No","Chromium","","","","","","","","","","0.000239047620319373","0.000242500005383747"
"06-037-MOKL","Chromium VI (LC)","33.88212","-118.15042","ASSIGN","","","","Mokler","meanRos_ug_m3","No","Undetermined","California","ASSIGN","","Mokler","No","Chromium","","","","","","","","","","0.000210840709640622",""
"06-061-0006","Chromium VI (LC)","38.745726","-121.266312","Roseville","","MOBILE","","Roseville-N Sunrise Blvd","meanRos_ug_m3","No","Undetermined","California","Roseville","Suburban","Roseville-N Sunrise Ave","No","Chromium","","","","","","","","","","",""
"06-065-3011","Chromium VI (LC)","33.796533","-116.974417","San Jacinto","","RESIDENTIAL","","PILOT CITY: San Jacinto","meanRos_ug_m3","No","Undetermined","California","San Jacinto","Rural","SAN JACINTO TOXICS SITE #1 MOUNTAIN VIEW HIGH SCHOOL","No","Chromium","","","","","","","","","","",""
"06-065-3012","Chromium VI (LC)","33.76485","-116.9569","San Jacinto","","AGRICULTURAL","","PILOT CITY: South A","meanRos_ug_m3","No","Undetermined","California","San Jacinto","Rural","SAN JACINTO TOXIC SITE #2 SCHOOL DISTRICT HEADQUARTERS","No","Chromium","","","","","","","","","","",""
"06-065-CR01","Chromium VI (LC)","34.0282020568848","-117.381004333496","Riverside","","","","SITE_01","meanRos_ug_m3","No","Undetermined","California","Riverside","","SITE_01","No","Chromium","","","","0.000755069617985011","0.000219915695352884","0.000114306208633013","","","","",""
"06-065-CR02","Chromium VI (LC)","34.0121726989746","-117.380851745605","Riverside","","","","SITE_02","meanRos_ug_m3","No","Undetermined","California","Riverside","","SITE_02","No","Chromium","","","","0.000451733220113912","0.000277026075782487","","","","","",""
"06-065-CR08","Chromium VI (LC)","34.0265922546387","-117.390403747559","Riverside","","","","SITE_08","meanRos_ug_m3","No","Undetermined","California","Riverside","","SITE_08","No","Chromium","","","","","0.000175739945784285","9.36000846302383e-05","","","","",""
"06-065-TX01","Chromium VI (LC)","34.0303764343262","-117.377075195313","Riverside","","","","TXI_01","meanRos_ug_m3","No","Undetermined","California","Riverside","","TXI_01","No","Chromium","","","","","","7.81359528383012e-05","","","","",""
"06-065-TX02","Chromium VI (LC)","34.0267639160156","-117.380355834961","Riverside","","","","TXI_02","meanRos_ug_m3","No","Undetermined","California","Riverside","","TXI_02","No","Chromium","","","","","","9.51445454120403e-05","","","","",""
"06-065-TX03","Chromium VI (LC)","34.0320129394531","-117.391250610352","Riverside","","","","TXI_03","meanRos_ug_m3","No","Undetermined","California","Riverside","","TXI_03","No","Chromium","","","","","","8.61379971773167e-05","","","","",""
"06-065-TX04","Chromium VI (LC)","34.0249099731445","-117.389633178711","Riverside","","","","TXI_04","meanRos_ug_m3","No","Undetermined","California","Riverside","","TXI_04","No","Chromium","","","","","","0.000100711112141072","","","","",""
"06-067-0001","Chromium VI (LC)","38.667126","-121.251338","CITRUS HEIGHTS","","RESIDENTIAL","","","meanRos_ug_m3","No","Undetermined","California","Citrus Heights","Suburban","","No","Chromium","","","","","","","","","","",""
"06-071-1004","Chromium VI (LC)","34.10374","-117.62914","Upland","","RESIDENTIAL","","Upland","meanRos_ug_m3","No","Undetermined","California","Upland","Urban And Center City","Upland","No","Chromium","","","","","","","","","","",""
"06-071-2002","Chromium VI (LC)","34.10002","-117.49201","Fontana","","INDUSTRIAL","","MATES: Inland Valley San Bernardino","meanRos_ug_m3","No","Undetermined","California","Fontana","Suburban","Fontana","No","Chromium","","","","","","","","","","",""
"06-071-CPC1","Chromium VI (LC)","34.0633735656738","-117.334182739258","Colton","","","","CPCC_01","meanRos_ug_m3","No","Undetermined","California","Colton","","CPCC_01","No","Chromium","","","","","","0.000126510878762929","","","","",""
"06-071-CPC2","Chromium VI (LC)","34.0632820129395","-117.351303100586","Colton","","","","CPCC_02","meanRos_ug_m3","No","Undetermined","California","Colton","","CPCC_02","No","Chromium","","","","","","8.52173079692875e-05","","","","",""
"06-071-CPC3","Chromium VI (LC)","34.0676307678223","-117.350135803223","Colton","","","","CPCC_03","meanRos_ug_m3","No","Undetermined","California","Colton","","CPCC_03","No","Chromium","","","","","","8.97028518755343e-05","","","","",""
"06-071-CR04","Chromium VI (LC)","34.0403785705566","-117.362037658691","Colton","","","","SITE_04","meanRos_ug_m3","No","Undetermined","California","Colton","","SITE_04","No","Chromium","","","","0.000235463715781455","","","","","","",""
"06-071-CR06","Chromium VI (LC)","34.0633735656738","-117.334182739258","Colton","","","","SITE_06","meanRos_ug_m3","No","Undetermined","California","Colton","","SITE_06","No","Chromium","","","","0.000449506553128163","0.000368145549585059","0.000142616950961383","","","","",""
"06-071-CR07","Chromium VI (LC)","34.0311698913574","-117.37434387207","Riverside","","","","SITE_07","meanRos_ug_m3","No","Undetermined","California","Riverside","","SITE_07","No","Chromium","","","","0.000339181191587314","0.000283216214813427","0.000105805403504184","","","","",""
"06-071-CR09","Chromium VI (LC)","34.0695953369141","-117.336380004883","","","","","SITE_09","meanRos_ug_m3","No","Undetermined","California","","","SITE_09","No","Chromium","","","","","0.000306387376834781","9.99807137709362e-05","","","","",""
"06-073-0001","Chromium VI (LC)","32.631231","-117.059075","Chula Vista","","RESIDENTIAL","","Chula Vista","meanRos_ug_m3","No","Undetermined","California","Chula Vista","Suburban","Chula Vista","No","Chromium","","","","","","","","","","",""
"06-073-0003","Chromium VI (LC)","32.791194","-116.942092","El Cajon","","COMMERCIAL","","El Cajon","meanRos_ug_m3","No","Undetermined","California","El Cajon","Suburban","El Cajon","No","Chromium","","","","","","","","","","",""
"06-073-1009","Chromium VI (LC)","32.698663","-117.133087","San Diego","","RESIDENTIAL","","BARRIO LOGAN ROVER - SPECIAL STUDY","meanRos_ug_m3","No","Undetermined","California","San Diego","Urban And Center City","San Diego-Barrio Logan","No","Chromium","","","","","","","","","","",""
"06-073-1022","Chromium VI (LC)","32.789561","-116.944222","El Cajon","","COMMERCIAL","","El Cajon - Lexington Elementary School","meanRos_ug_m3","No","Undetermined","California","El Cajon","Suburban","El Cajon - Lexington Elementary School","No","Chromium","","","","","","","","","","9.2307209142249e-05",""
"06-075-0005","Chromium VI (LC)","37.765946","-122.399044","San Francisco","","INDUSTRIAL","","San Francisco - Arkansas St.","meanRos_ug_m3","No","Undetermined","California","San Francisco","Urban And Center City","San Francisco","No","Chromium","","","","","","","","","","4.78507327357899e-05",""
"06-077-1002","Chromium VI (LC)","37.950741","-121.268523","Stockton","","RESIDENTIAL","","HAZELTON-HD, STOCKTON","meanRos_ug_m3","No","Undetermined","California","Stockton","Urban And Center City","Stockton-Hazelton","No","Chromium","","","","","","","","","","7.86270680958068e-05",""
"06-083-0010","Chromium VI (LC)","34.421386","-119.702079","SANTA BARBARA","","MOBILE","","Santa Barbara-W. Carrillo St.","meanRos_ug_m3","No","Undetermined","California","Santa Barbara","Urban And Center City","Santa Barbara-W. Carrillo St.","No","Chromium","","","","","","","","","","",""
"06-085-0004","Chromium VI (LC)","37.339666","-121.888575","San Jose","","RESIDENTIAL","","San Jose - 4th St.","meanRos_ug_m3","No","Undetermined","California","San Jose","Urban And Center City","San Jose - 4th St.","No","Chromium","","","","","","","","","","",""
"06-085-5506","Chromium VI (LC)","37.32756","-122.0646","CUPERTINO","","COMMERCIAL","","Stevens Creek Elementary School","meanRos_ug_m3","No","Undetermined","California","Cupertino","Urban And Center City","Stevens Creek Elementary School","No","Chromium","","","","","","1.74222570967538e-05","","","","",""
"06-099-0002","Chromium VI (LC)","37.648819","-120.997712","MODESTO","","RESIDENTIAL","","Modesto-Courthouse","meanRos_ug_m3","No","Undetermined","California","Modesto","Urban And Center City","Modesto-Courthouse","No","Chromium","","","","","","","","","","",""
"06-099-0005","Chromium VI (LC)","37.641583","-120.994622","MODESTO","","COMMERCIAL","","Modesto-14th Street","meanRos_ug_m3","No","Undetermined","California","Modesto","Urban And Center City","Modesto-14th Street","No","Chromium","","","","","","","","","","",""
"06-111-2002","Chromium VI (LC)","34.276362","-118.683757","Simi Valley","","RESIDENTIAL","","SIMI VALLEY","meanRos_ug_m3","No","Undetermined","California","Simi Valley","Suburban","Simi Valley-Cochran Street","No","Chromium","","","","","","","","","","6.2785763453798e-05",""
"18-097-0057","Chromium VI (LC)","39.749019","-86.186314","INDIANAPOLIS","","RESIDENTIAL","","UATMP: ININ","meanRos_ug_m3","No","Undetermined","Indiana","Indianapolis (Remainder)","Urban And Center City","Indpls- Harding St.","No","Chromium","","","2.65301705539485e-05","","","","","","","",""
"22-051-1001","Chromium VI (LC)","30.041238","-90.272826","KENNER","","RESIDENTIAL","","Katrina: KELA","meanRos_ug_m3","No","Undetermined","Louisiana","Kenner","Suburban","Kenner","No","Chromium","","3.43270108794828e-05","","","","","","","","",""
"24-510-OAM1","Chromium VI (LC)","39.2805099487305","-76.5919799804688","Baltimore","","COMMERCIAL","","City Recreation Pier","meanRos_ug_m3","No","Undetermined","Maryland","Baltimore","","City Recreation Pier","No","Chromium","","","","","","","","","","",""
"24-510-OAM2","Chromium VI (LC)","39.2843933105469","-76.6070251464844","BALTIMORE","","COMMERCIAL","","Baltimore Aquarium","meanRos_ug_m3","No","Undetermined","Maryland","BALTIMORE","","Baltimore Aquarium","No","Chromium","","","","","","","","","","",""
"24-510-PAM1","Chromium VI (LC)","39.280818939209","-76.596435546875","Baltimore","","COMMERCIAL","","Harbor Point Construction: Eastern property","meanRos_ug_m3","No","Undetermined","Maryland","Baltimore","","Harbor Point Construction: Eastern property","No","Chromium","","","","","","","","","","",""
"24-510-PAM2","Chromium VI (LC)","39.2791862487793","-76.5980911254883","Baltimore","","COMMERCIAL","","Harbor Point Construction: Southern property","meanRos_ug_m3","No","Undetermined","Maryland","Baltimore","","Harbor Point Construction: Southern property","No","Chromium","","","","","","","","","","",""
"24-510-PAM3","Chromium VI (LC)","39.2803153991699","-76.6004638671875","BALTIMORE","","COMMERCIAL","","Harbor Point Construction: Western property","meanRos_ug_m3","No","Undetermined","Maryland","BALTIMORE","","Harbor Point Construction: Western property","No","Chromium","","","","","","","","","","",""
"24-510-PAM4","Chromium VI (LC)","39.2814674377441","-76.5988006591797","Baltimore","","COMMERCIAL","","Harbor Point Construction: Northern property","meanRos_ug_m3","No","Undetermined","Maryland","Baltimore","","Harbor Point Construction: Northern property","No","Chromium","","","","","","","","","","",""
"26-125-0010","Chromium VI (LC)","42.490313","-83.279931","Southfield","","MOBILE","","UATMP: LOMI; PILOT CITY: 696 Lodge","meanRos_ug_m3","No","Undetermined","Michigan","Southfield","Urban And Center City","338 FEET NORTH TO I-696 FREEWAY","No","Chromium","","","","","","","","","","",""
"26-163-0001","Chromium VI (LC)","42.22862","-83.2082","Allen Park","","COMMERCIAL","","UATMP: APMI; IMPROVE: DETR1; PILOT CITY: Allen Park","meanRos_ug_m3","No","Undetermined","Michigan","Allen Park","Suburban","Allen Park","No","Chromium","","","","","","","","","","",""
"27-145-3053","Chromium VI (LC)","45.564637","-94.226345","ST CLOUD","","INDUSTRIAL","","UATMP: STMN; Grede Foundries, St. Cloud Inc.","meanRos_ug_m3","No","Undetermined","Minnesota","St. Cloud","Suburban","Foundry Circle","No","Chromium","","","","","","","","0.000289469914095519","","",""
"41-005-0301","Chromium VI (LC)","45.4601","-122.6125","PORTLAND","","","","Milwukie Johnson Cr.","meanRos_ug_m3","No","Undetermined","Oregon","Milwaukie","Suburban","Milwukie Johnson Cr.","No","Chromium","","","","","","","","","0.000297989291002143","",""
"41-029-2129","Chromium VI (LC)","42.33155","-122.880266","Medford","","RESIDENTIAL","","","meanRos_ug_m3","No","Undetermined","Oregon","Medford","Urban And Center City","Medford, Welch and Jackson.","No","Chromium","","","","","","","","","","",""
"41-035-0004","Chromium VI (LC)","42.190296","-121.731369","Klamath Falls","","RESIDENTIAL","","PETERSON ELEM","meanRos_ug_m3","No","Undetermined","Oregon","Altamont","Suburban","Klamath Falls - Peterson School","No","Chromium","","","","","","","","","","",""
"41-039-0059","Chromium VI (LC)","44.067224","-123.141352","Eugene","","RESIDENTIAL","","Eugene - Hwy 99 (E99)","meanRos_ug_m3","No","Undetermined","Oregon","Eugene","Urban And Center City","Eugene - Hwy 99 (E99)","No","Chromium","","","","","","","","","","","2.53903862495268e-05"
"41-039-0060","Chromium VI (LC)","44.026312","-123.083737","Eugene","","RESIDENTIAL","","Eugene - AMAZON PARK (EAP)","meanRos_ug_m3","No","Undetermined","Oregon","Eugene","Urban And Center City","Eugene - AMAZON PARK (EAP)","No","Chromium","","","","","","","","","","","1.02005831009188e-05"
"41-047-0041","Chromium VI (LC)","44.943114","-123.005934","SALEM","","RESIDENTIAL","","Salem - State Hospital","meanRos_ug_m3","No","Undetermined","Oregon","Salem","Urban And Center City","Salem - State Hospital","No","Chromium","","","","","","","","","","",""
"41-051-0030","Chromium VI (LC)","45.49742","-122.67467","PORTLAND","","RESIDENTIAL","","","meanRos_ug_m3","No","Undetermined","Oregon","Portland","Suburban","","No","Chromium","2.42550873447954e-05","","","","","","","","","",""
"41-051-0080","Chromium VI (LC)","45.496641","-122.602877","Portland","","RESIDENTIAL","","Portland - SE Lafayette","meanRos_ug_m3","No","Undetermined","Oregon","Portland","Suburban","Portland - SE Lafayette","No","Chromium","2.49233269278344e-05","","","","","","","","","",""
"41-051-0244","Chromium VI (LC)","45.535","-122.698889","Portland","","COMMERCIAL","","UATMP: PNW","meanRos_ug_m3","No","Undetermined","Oregon","Portland","Urban And Center City","SE CORNER OF P.O. PARKING LOT AND SW CORNER OF NEIGHBORING BUILDING","No","Chromium","3.84143416580918e-05","","","","","","","","","",""
"41-051-0300","Chromium VI (LC)","45.463093","-122.610626","Portland","","","","Portland Harney Dr","meanRos_ug_m3","No","Undetermined","Oregon","Portland","Suburban","Portland Harney Dr","No","Chromium","","","","","","","","","0.000125349706733897","",""
"41-051-2001","Chromium VI (LC)","45.577175","-122.71775","Portland","","RESIDENTIAL","","PNS","meanRos_ug_m3","No","Undetermined","Oregon","Portland","Urban And Center City","PNS","No","Chromium","","","","","","","","","","",""
"41-051-2008","Chromium VI (LC)","45.511984","-122.482029","Gresham","","RESIDENTIAL","","","meanRos_ug_m3","No","Undetermined","Oregon","Gresham","Suburban","","No","Chromium","","","","","","","","","","2.35070579485356e-05",""
"41-051-2009","Chromium VI (LC)","45.462686","-122.615094","Portland","","RESIDENTIAL","","","meanRos_ug_m3","No","Undetermined","Oregon","Portland","Suburban","","No","Chromium","","","","","","","","","6.56709260322284e-05","5.08693657473453e-05",""
"41-051-2011","Chromium VI (LC)","45.5625","-122.57527923584","Portland","","RESIDENTIAL","","ASSIGN","meanRos_ug_m3","No","Undetermined","Oregon","Portland","Rural","Portland Cully Helensview School (PCH)","No","Chromium","","","","","","","","","","","1.7107919347652e-05"
"41-065-0008","Chromium VI (LC)","45.598385","-121.184227","The Dalles","","RESIDENTIAL","","","meanRos_ug_m3","No","Undetermined","Oregon","City of The Dalles","Rural","","No","Chromium","","","","","","","","","","",""
"41-067-0004","Chromium VI (LC)","45.528501","-122.972398","Hillsboro","","RESIDENTIAL","","Hillsboro - Hare Field","meanRos_ug_m3","No","Undetermined","Oregon","Hillsboro","Suburban","Hillsboro - Hare Field","No","Chromium","","","","","","","","","","",""
"41-067-0111","Chromium VI (LC)","45.470191","-122.816411","BEAVERTON","","RESIDENTIAL","","Beaverton - Highland Park","meanRos_ug_m3","No","Undetermined","Oregon","Beaverton","Urban And Center City","Beaverton - Highland Park","No","Chromium","2.1339300372238e-05","","","","","","","","","",""
"50-007-0014","Chromium VI (LC)","44.4762","-73.2106","BURLINGTON","","COMMERCIAL","","UATMP: BURVT","meanRos_ug_m3","No","Undetermined","Vermont","Burlington","Urban And Center City","City of Burlington Parking Lot","No","Chromium","5.42758219086534e-05","","","","","","","","","",""
"53-011-0030","Chromium VI (LC)","45.641683","-122.681233","VANCOUVER","","RESIDENTIAL","","","meanRos_ug_m3","No","Undetermined","Washington","Vancouver","Suburban","","No","Chromium","2.29098550578964e-05","","","","","","","","","",""
"55-079-0026","Chromium VI (LC)","43.060975","-87.913504","Milwaukee","","COMMERCIAL","","UATMP: MIWI","meanRos_ug_m3","No","Undetermined","Wisconsin","Milwaukee","Urban And Center City","MILWAUKEE - SER DNR HDQRS","No","Chromium","","","","","","","","0.000168442997312629","","",""
"04-013-9997","Chromium VI (LC)","33.503833","-112.095767","Phoenix","Phoenix, AZ","RESIDENTIAL","Urban","UATMP: PXSS; NATTS: Phoenix, AZ; IMPROVE: PHOE1","meanRos_ug_m3","Yes","No Trend","Arizona","Phoenix","Urban And Center City","JLG SUPERSITE","Yes","Chromium","","0.000127260348418134","8.25793500561096e-05","7.25833174367116e-05","9.03555513241259e-05","0.000125928449913198","6.23358707431884e-05","5.1782103120607e-05","","",""
"06-037-1103","Chromium VI (LC)","34.06659","-118.22688","Los Angeles","Los Angeles, CA","RESIDENTIAL","Urban","UATMP: CELA; NATTS: Los Angeles, CA; MATES: Central Los Angeles","meanRos_ug_m3","Yes","Decreasing","California","Los Angeles","Urban And Center City","Los Angeles-North Main Street","Yes","Chromium","","","0.000145727600836693","0.000122591781366252","9.77280560618965e-05","8.92091263144905e-05","8.9220645091312e-05","5.67018843435493e-05","6.446791927114e-05","5.59082122762226e-05","4.84653964954536e-05"
"06-065-8001","Chromium VI (LC)","33.99958","-117.41601","Rubidoux","Rubidoux, CA","RESIDENTIAL","Urban","UATMP: RUCA; NATTS: Rubidoux, CA; MATES: Rubidoux","meanRos_ug_m3","Yes","Decreasing","California","Rubidoux","Suburban","Rubidoux","Yes","Chromium","","","0.000344517564769831","0.000192558332470911","0.000144717725874454","7.40458525215814e-05","4.8024541698943e-05","3.8335559045461e-05","5.34703009331376e-05","3.15110698126972e-05","2.89473866674383e-05"
"06-085-0005","Chromium VI (LC)","37.348497","-121.894898","San Jose","San Jose, CA","COMMERCIAL","Urban","UATMP: SJCA; NATTS: San Jose, CA","meanRos_ug_m3","No","Undetermined","California","San Jose","Urban And Center City","San Jose - Jackson","Yes","Chromium","","","","","","","","","","0.000139422051975405",""
"08-077-0017","Chromium VI (LC)","39.063798","-108.561173","Grand Junction","Grand Junction, CO","COMMERCIAL","Urban","UATMP: GPCO; NATTS: Grand Junction, CO","meanRos_ug_m3","Yes","No Trend","Colorado","Grand Junction","Urban And Center City","GRAND JUNCTION - POWELL BLDG","Yes","Chromium","1.94227334507427e-05","2.6180394525345e-05","1.34054111567107e-05","1.70657064425343e-05","8.96940440214605e-06","1.23063244460975e-05","1.48319545746338e-05","1.19380201927123e-05","","",""
"11-001-0043","Chromium VI (LC)","38.921847","-77.013178","Washington","Washington, DC","COMMERCIAL","Urban","UATMP: WADC; NATTS: Washington, D.C.","meanRos_ug_m3","Yes","No Trend","District Of Columbia","Washington","Urban And Center City","MCMILLAN  NCore-PAMS","Yes","Chromium","8.23477585982251e-05","2.91445194699101e-05","7.8156952220284e-06","8.26051597808679e-06","9.61485239304891e-06","2.08517201320657e-05","1.82813844746764e-05","1.61885793238891e-05","","",""
"12-057-3002","Chromium VI (LC)","27.96565","-82.2304","Plant City","Tampa, FL","RESIDENTIAL","Urban","UATMP: SYFL; NATTS: Tampa, FL","meanRos_ug_m3","Yes","No Trend","Florida","Valrico","Rural","SYDNEY","Yes","Chromium","2.62350100019902e-05","1.78198202733702e-05","8.12097615854494e-06","6.30189282950208e-06","7.97739591422556e-06","1.40465969500722e-05","1.43600346674001e-05","1.43289818140481e-05","","",""
"12-103-0026","Chromium VI (LC)","27.850348","-82.714465","Pinellas Park","Pinellas County, FL","RESIDENTIAL","Urban","UATMP: SKFL; NATTS: Pinellas County, FL","meanRos_ug_m3","No","Undetermined","Florida","Pinellas Park","Suburban","Skyview","Yes","Chromium","","","","","2.02093851323244e-05","2.4841720309924e-05","2.35358644248349e-05","1.84370886118437e-05","","",""
"13-089-0002","Chromium VI (LC)","33.68808","-84.29018","Decatur","Atlanta, GA","RESIDENTIAL","Urban","UATMP: SDGA; NATTS: South DeKalb, GA; PAMS: South DeKalb; IMPROVE: ATLA1","meanRos_ug_m3","Yes","No Trend","Georgia","Not in a city","Suburban","South DeKalb","Yes","Chromium","3.14457436684181e-05","4.62634806065687e-05","2.15674852177845e-05","8.90635940036268e-06","1.16546259244152e-05","1.72487787940032e-05","1.53637476570141e-05","1.58272165996039e-05","","",""
"17-031-4201","Chromium VI (LC)","42.139996","-87.799227","Northbrook","Chicago, IL","RESIDENTIAL","Urban","UATMP: NBIL; NATTS: Chicago, IL","meanRos_ug_m3","Yes","No Trend","Illinois","Northbrook","Suburban","NORTHBROOK WATER PLANT","Yes","Chromium","2.78825486164221e-05","3.74936197975585e-05","2.14147422031467e-05","1.54874451554986e-05","1.15404173581948e-05","2.53354362475282e-05","1.77471930116988e-05","1.74184180789575e-05","","",""
"21-193-0003","Chromium VI (LC)","38.23887","-82.9881","Hazard/Grayson, KY","Hazard/Grayson, KY","RESIDENTIAL","Rural","UATMP: GLKY; NATTS: Grayson Lake, KY","meanRos_ug_m3","Yes","Decreasing","Kentucky","Hazard/Grayson, KY","Rural","Hazard/Grayson, KY","Yes","Chromium","1.94600468062592e-05","1.61013291726774e-05","1.14471311001871e-05","","","1.31932583713478e-05","1.08074545479278e-05","9.70361933505642e-06","","",""
"25-025-0042","Chromium VI (LC)","42.3295","-71.0826","Boston","Roxbury, MA","COMMERCIAL","Urban","UATMP: BOMA; NATTS: Roxbury, MA","meanRos_ug_m3","Yes","No Trend","Massachusetts","Boston","Urban And Center City","DUDLEY SQUARE ROXBURY","Yes","Chromium","5.95998122249364e-05","5.28139157193857e-05","2.4672670379254e-05","4.55235683825424e-05","3.61117744886071e-05","2.30286159099043e-05","2.74462556054129e-05","3.55031247062671e-05","","",""
"26-163-0033","Chromium VI (LC)","42.306674","-83.148754","Dearborn","Detroit, MI","INDUSTRIAL","Urban","UATMP: DEMI; NATTS: Detroit, MI; PILOT CITY: Dearborn","meanRos_ug_m3","Yes","No Trend","Michigan","Dearborn","Suburban","PROPERTY OWNED BY DEARBORN PUBLIC SCHOOLS","Yes","Chromium","5.98944558739513e-05","7.02836984072706e-05","4.20847059120815e-05","4.54796128674151e-05","3.8270938455716e-05","4.61127626431393e-05","4.80225806406112e-05","4.98517468838437e-05","","",""
"29-510-0085","Chromium VI (LC)","38.656429","-90.198348","SAINT LOUIS","St. Louis, MO","RESIDENTIAL","Urban","UATMP: S4MO; NATTS: St. Louis, MO","meanRos_ug_m3","Yes","No Trend","Missouri","St. Louis","Urban And Center City","Blair Street","Yes","Chromium","3.43096023463954e-05","4.11641676639249e-05","3.41008505099483e-05","2.71610094953144e-05","2.02207117814455e-05","3.48388434304799e-05","3.42515523543434e-05","3.4523332287521e-05","","",""
"36-005-0110","Chromium VI (LC)","40.816","-73.902","Bronx, NY","Bronx, NY","RESIDENTIAL","Urban","UATMP: BXNY; NATTS: Bronx (#1), NY; PM Supersite: Bronx; IMPROVE: NEYO1","meanRos_ug_m3","No","Undetermined","New York","Bronx, NY","Urban And Center City","Bronx, NY","Yes","Chromium","","","","2.51619202634717e-05","2.00763244310406e-05","","4.26708728957278e-05","","","",""
"36-055-1007","Chromium VI (LC)","43.14618","-77.54817","Rochester","Rochester, NY","RESIDENTIAL","Urban","UATMP: ROCH; NATTS: Rochester, NY; NADP: NY43","meanRos_ug_m3","No","No Trend","New York","Rochester","Urban And Center City","ROCHESTER 2","Yes","Chromium","","","","7.994311351557e-06","5.9091848662146e-06","1.44868425739899e-05","1.32986768890516e-05","1.29222523592999e-05","","",""
"41-051-2010","Chromium VI (LC)","45.55808","-122.670982","Portland","Portland, OR","RESIDENTIAL","Urban","","meanRos_ug_m3","Yes","No Trend","Oregon","Portland","Urban And Center City","","Yes","Chromium","2.4697267708719e-05","","","4.00425674952641e-05","3.14293745009112e-05","2.63579020403769e-05","2.55360038047955e-05","3.15379230089661e-05","","3.3495776387758e-05","1.77509617892364e-05"
"41-061-0123","Chromium VI (LC)","45.3235","-118.0778","La Grande/La Grande Hall, OR","La Grande/La Grande Hall, OR","RESIDENTIAL","Rural","La Grande Hall and N St. (LHN); NATTS: La Grande, OR (Sept 2016)","meanRos_ug_m3","No","Undetermined","Oregon","La Grande/La Grande Hall, OR","Rural","La Grande/La Grande Hall, OR","Yes","Chromium","1.0593229999461e-05","2.23394052907116e-05","1.70783007540065e-05","","","","","","","",""
"44-007-0022","Chromium VI (LC)","41.807776","-71.415105","Providence","Providence, RI","RESIDENTIAL","Urban","UATMP: PRRI; NATTS: Providence, RI; PILOT CITY: Urban League","meanRos_ug_m3","Yes","No Trend","Rhode Island","Providence","Urban And Center City","CCRI Liston Campus ROOFTOP","Yes","Chromium","1.91268104293129e-05","2.84444245701099e-05","1.45064591476617e-05","1.54813457342703e-05","1.01415089895053e-05","2.03720627444105e-05","2.33211994851677e-05","1.75154943177223e-05","","",""
"45-025-0001","Chromium VI (LC)","34.615367","-80.198789","MCBEE","Chesterfield, SC","FOREST","Rural","UATMP: CHSC; NATTS: Chesterfield, SC","meanRos_ug_m3","Yes","No Trend","South Carolina","Not in a city","Rural","CHESTERFIELD","Yes","Chromium","1.62811847134803e-05","1.24487492964201e-05","2.88310444452342e-06","3.23172032902066e-06","","1.01516615470283e-05","8.20290915758228e-06","6.16812303941455e-06","","",""
"48-201-1039","Chromium VI (LC)","29.670025","-95.128508","Deer Park","Houston, TX","RESIDENTIAL","Urban","UATMP: CAMS 35; NATTS: Houston, TX; IMPROVE: HOUS1","meanRos_ug_m3","Yes","No Trend","Texas","Deer Park","Urban And Center City","Houston Deer Park #2","Yes","Chromium","","","0.000192840861740066","0.000130630584384476","4.99234951824373e-05","5.10394626214286e-05","4.99790165652788e-05","4.74261829638712e-05","","",""
"48-203-0002","Chromium VI (LC)","32.668987","-94.167457","Not In A City","Karnack, TX","AGRICULTURAL","Rural","UATMP: CAMS 85; NATTS: Karnack, TX","meanRos_ug_m3","Yes","No Trend","Texas","Not in a city","Rural","Karnack","Yes","Chromium","","","0.000164577730639103","0.00017599610358075","0.000139990121817559","0.000294371873937959","2.4067463514578e-05","1.98872253983031e-05","","",""
"49-011-0004","Chromium VI (LC)","40.902967","-111.884467","Bountiful","Bountiful, UT","RESIDENTIAL","Urban","UATMP: BTUT; NATTS: Bountiful, UT","meanRos_ug_m3","Yes","No Trend","Utah","Bountiful","Suburban","Bountiful Viewmont","Yes","Chromium","1.97906244411398e-05","3.20921800007126e-05","2.76093101252807e-05","3.39331083743537e-05","1.95087437895589e-05","2.34982788698137e-05","1.98352556317584e-05","1.83666432258546e-05","","",""
"50-007-0007","Chromium VI (LC)","44.52839","-72.86884","Underhill","Underhill, VT","FOREST","Rural","UATMP: UNVT; NATTS: Underhill, VT; IMPROVE:PMRF1; NADP: VT99","meanRos_ug_m3","No","Undetermined","Vermont","Underhill (Town of)","Rural","PROCTOR MAPLE RESEARCH CTR","Yes","Chromium","1.29065725480727e-05","1.62663792516409e-05","","","","7.50123586970416e-06","6.59828883135827e-06","","","",""
"51-087-0014","Chromium VI (LC)","37.55652","-77.40027","NOT IN A CITY","Richmond, VA","RESIDENTIAL","Urban","UATMP: RIVA; NATTS: Richmond, VA","meanRos_ug_m3","No","Undetermined","Virginia","East Highland Park","Suburban","MathScience Innovation Center","Yes","Chromium","","","","","","1.38778870710699e-05","1.41997483300589e-05","1.17070943590234e-05","","",""
"53-033-0080","Chromium VI (LC)","47.568236","-122.308628","Seattle","Seattle, WA","RESIDENTIAL","Urban","UATMP: SEWA; NATTS: Seattle, WA; IMPROVE: PUSO1; PILOT CITY: Beacon Hill","meanRos_ug_m3","Yes","Decreasing","Washington","Seattle","Urban And Center City","SEATTLE - BEACON HILL","Yes","Chromium","4.99733177677318e-05","","5.01352804764684e-05","3.82490061966463e-05","3.5045139471544e-05","3.0524039280099e-05","3.50114836017689e-05","3.4447409193263e-05","","",""
"55-027-0001","Chromium VI (LC)","43.466111","-88.621111","Mayville/Horicon, WI","Mayville/Horicon, WI","AGRICULTURAL","Rural","UATMP: HOWI; NATTS: Horicon, Wi; Horicon Wildlife Area; NADP: WI07","meanRos_ug_m3","Yes","No Trend","Wisconsin","Mayville/Horicon, WI","Rural","Mayville/Horicon, WI","Yes","Chromium","1.75814688606874e-05","1.45925266965773e-05","8.43279110414883e-06","1.20842149567056e-05","6.61712990843383e-06","1.58860614072522e-05","1.69711378589323e-05","1.51163121465488e-05","","",""
